10.csv,current date:,2026-10-08 06:09:08,boxes:,93,palet: ,2,packer=run:w_64_h_1_l_1_with_colom bin=31x27x40 nb=10 n_pick=5 max_l=256 rot=2 ems=3 stability=com min_support=0.8 n_types=3 type_constraint=1 type_rule=column soft_mix=0 arm_collision=1 base_x_moves=0/-0.5/0.5/-1/1 stack_cap=1 stack_cap_types=2 stack_cap_side_cm=12x30 stack_cap_allow_cm=8x140 ,cell_cm=1 box_scale=4 box_round=nearest box_pad_m=0.04 order_random=0 pallet_cm=31x27x40,name:,w_64_h_1_l_1_with_colom,
pallet_id,max_height,uneven_z_val,boxes_volume_per_pallet [%],time_to_pack [ms],total_number_of_boxes,number_of_blue_boxes,number_of_white_boxes,number_of_master_boxes,
0,160,0,59,1005,50,13,8,29,
1,160,0,44,1876,41,2,5,34,
2,44,0,3,1933,2,0,0,2,
10.csv,current date:,2026-10-08 06:12:13,boxes:,93,palet: ,2,packer=run:w_64_h_1_l_1_with_colom bin=31x27x40 nb=10 n_pick=5 max_l=256 rot=2 ems=3 stability=com min_support=0.8 n_types=3 type_constraint=1 type_rule=mixed_column soft_mix=1 arm_collision=1 base_x_moves=0/-0.5/0.5/-1/1 stack_cap=1 stack_cap_types=2 stack_cap_side_cm=12x30 stack_cap_allow_cm=8x140 ,cell_cm=1 box_scale=4 box_round=nearest box_pad_m=0.04 order_random=0 pallet_cm=31x27x40,name:,w_64_h_1_l_1_with_colom mix colum soft,
pallet_id,max_height,uneven_z_val,boxes_volume_per_pallet [%],time_to_pack [ms],total_number_of_boxes,number_of_blue_boxes,number_of_white_boxes,number_of_master_boxes,
0,160,0,70,1594,59,14,10,35,
1,156,0,39,2447,34,1,3,30,
10.csv,current date:,2026-10-08 06:33:40,boxes:,93,palet: ,2,packer=run:w_64_h_1_l_1_with_colom bin=31x27x40 nb=10 n_pick=5 max_l=256 rot=2 ems=3 stability=com min_support=0.8 n_types=3 type_constraint=1 type_rule=touch soft_mix=0 arm_collision=1 base_x_moves=0/-0.5/0.5/-1/1 stack_cap=1 stack_cap_types=2 stack_cap_side_cm=12x30 stack_cap_allow_cm=8x140 ,cell_cm=1 box_scale=4 box_round=nearest box_pad_m=0.04 order_random=0 pallet_cm=31x27x40,name:,w_64_h_1_l_1_with_colom touch,
pallet_id,max_height,uneven_z_val,boxes_volume_per_pallet [%],time_to_pack [ms],total_number_of_boxes,number_of_blue_boxes,number_of_white_boxes,number_of_master_boxes,
0,160,0,63,1222,53,13,8,32,
1,160,0,43,2123,40,1,5,34,
10.csv,current date:,2026-10-08 07:02:38,boxes:,93,palet: ,2,packer=run:w_64_h_1_l_1_with_stable bin=31x27x40 nb=10 n_pick=5 max_l=256 rot=2 ems=3 stability=com min_support=0.8 n_types=3 type_constraint=1 type_rule=mixed_column soft_mix=1 arm_collision=1 base_x_moves=0/-0.5/0.5/-1/1 stack_cap=1 stack_cap_types=2 stack_cap_side_cm=12x30 stack_cap_allow_cm=8x140 ,cell_cm=1 box_scale=4 box_round=nearest box_pad_m=0.04 order_random=0 pallet_cm=31x27x40,name:,w_64_h_1_l_1_with_stable mix soft colum,
pallet_id,max_height,uneven_z_val,boxes_volume_per_pallet [%],time_to_pack [ms],total_number_of_boxes,number_of_blue_boxes,number_of_white_boxes,number_of_master_boxes,
0,160,0,60,1522,51,12,8,31,
1,160,0,49,2683,42,3,5,34,
10.csv,current date:,2026-10-08 07:04:50,boxes:,93,palet: ,2,packer=run:w_64_h_1_l_1_with_stable bin=31x27x40 nb=10 n_pick=5 max_l=256 rot=2 ems=3 stability=com min_support=0.8 n_types=3 type_constraint=1 type_rule=touch soft_mix=1 arm_collision=1 base_x_moves=0/-0.5/0.5/-1/1 stack_cap=1 stack_cap_types=2 stack_cap_side_cm=12x30 stack_cap_allow_cm=8x140 ,cell_cm=1 box_scale=4 box_round=nearest box_pad_m=0.04 order_random=0 pallet_cm=31x27x40,name:,w_64_h_1_l_1_with_stable,
pallet_id,max_height,uneven_z_val,boxes_volume_per_pallet [%],time_to_pack [ms],total_number_of_boxes,number_of_blue_boxes,number_of_white_boxes,number_of_master_boxes,
0,160,0,49,1038,41,12,8,21,
1,160,0,46,2128,46,3,5,38,
2,120,0,12,2296,6,0,0,6,
