PL33PR_2024-08-04.csv,current date:,2026-09-29 15:59:47,boxes:,164,palet: ,3,1 -100 -160 -10000 -476 15000 311 -2 470 -2910 6200 0 894 2 -100 -109 -10000 -402 15000 -49 183 473 -2116 6500 0 496 3 0 -44 -10000 -140 5000 -4 72 46 -495 429 0 221 ,0 5736 766 0 644,
pallet_id,max_height,uneven_z_val,boxes_volume_per_pallet [%],time_to_pack [ms],total_number_of_boxes,number_of_blue_boxes,number_of_white_boxes,number_of_master_boxes,
0,159,57.914928,66,16911,48,14,17,17,
1,157,52.913143,60,34610,45,7,16,22,
2,159,60.284096,67,40151,47,14,13,20,
3,158,69.610764,47,41062,24,19,0,5,
PL33PR_2024-08-04.csv,current date:,2026-10-08 06:53:44,boxes:,164,palet: ,3,packer=run:w_64_h_1_l_1_with_colom bin=31x27x40 nb=10 n_pick=5 max_l=256 rot=2 ems=3 stability=com min_support=0.8 n_types=3 type_constraint=1 type_rule=column soft_mix=0 arm_collision=1 base_x_moves=0/-0.5/0.5/-1/1 stack_cap=1 stack_cap_types=2 stack_cap_side_cm=12x30 stack_cap_allow_cm=8x140 ,cell_cm=1 box_scale=4 box_round=nearest box_pad_m=0.04 order_random=0 pallet_cm=31x27x40,name:,w_64_h_1_l_1_with_colom mix colum soft,
pallet_id,max_height,uneven_z_val,boxes_volume_per_pallet [%],time_to_pack [ms],total_number_of_boxes,number_of_blue_boxes,number_of_white_boxes,number_of_master_boxes,
0,160,0,61,1437,50,14,15,21,
1,156,0,51,2397,39,6,18,15,
2,160,0,67,3562,50,16,13,21,
3,156,0,43,4193,25,20,0,5,
PL33PR_2024-08-04.csv,current date:,2026-10-08 06:56:56,boxes:,164,palet: ,3,packer=run:w_64_h_1_l_1_with_stable bin=31x27x40 nb=10 n_pick=5 max_l=256 rot=2 ems=3 stability=com min_support=0.8 n_types=3 type_constraint=1 type_rule=touch soft_mix=0 arm_collision=1 base_x_moves=0/-0.5/0.5/-1/1 stack_cap=1 stack_cap_types=2 stack_cap_side_cm=12x30 stack_cap_allow_cm=8x140 ,cell_cm=1 box_scale=4 box_round=nearest box_pad_m=0.04 order_random=0 pallet_cm=31x27x40,name:,w_64_h_1_l_1_with_stable,
pallet_id,max_height,uneven_z_val,boxes_volume_per_pallet [%],time_to_pack [ms],total_number_of_boxes,number_of_blue_boxes,number_of_white_boxes,number_of_master_boxes,
0,160,0,56,1038,41,14,15,12,
1,152,0,41,2150,40,0,17,23,
2,152,0,58,3109,37,16,8,13,
3,160,0,43,4118,35,13,6,16,
4,112,0,23,4402,11,11,0,0,
PL33PR_2024-08-04.csv,current date:,2026-10-08 06:58:46,boxes:,164,palet: ,3,packer=run:w_64_h_1_l_1_with_stable bin=31x27x40 nb=10 n_pick=5 max_l=256 rot=2 ems=3 stability=com min_support=0.8 n_types=3 type_constraint=1 type_rule=column soft_mix=0 arm_collision=1 base_x_moves=0/-0.5/0.5/-1/1 stack_cap=1 stack_cap_types=2 stack_cap_side_cm=12x30 stack_cap_allow_cm=8x140 ,cell_cm=1 box_scale=4 box_round=nearest box_pad_m=0.04 order_random=0 pallet_cm=31x27x40,name:,w_64_h_1_l_1_with_stable colum,
pallet_id,max_height,uneven_z_val,boxes_volume_per_pallet [%],time_to_pack [ms],total_number_of_boxes,number_of_blue_boxes,number_of_white_boxes,number_of_master_boxes,
0,160,0,56,942,41,14,15,12,
1,152,0,41,1964,40,0,17,23,
2,160,0,74,3235,52,18,14,20,
3,160,0,50,4171,31,22,0,9,
PL33PR_2024-08-04.csv,current date:,2026-10-08 07:01:44,boxes:,164,palet: ,3,packer=run:w_64_h_1_l_1_with_stable bin=31x27x40 nb=10 n_pick=5 max_l=256 rot=2 ems=3 stability=com min_support=0.8 n_types=3 type_constraint=1 type_rule=mixed_column soft_mix=1 arm_collision=1 base_x_moves=0/-0.5/0.5/-1/1 stack_cap=1 stack_cap_types=2 stack_cap_side_cm=12x30 stack_cap_allow_cm=8x140 ,cell_cm=1 box_scale=4 box_round=nearest box_pad_m=0.04 order_random=0 pallet_cm=31x27x40,name:,w_64_h_1_l_1_with_stable mix soft colum,
pallet_id,max_height,uneven_z_val,boxes_volume_per_pallet [%],time_to_pack [ms],total_number_of_boxes,number_of_blue_boxes,number_of_white_boxes,number_of_master_boxes,
0,160,0,65,2023,58,14,17,27,
1,160,0,64,3457,45,9,21,15,
2,160,0,61,4733,45,16,8,21,
3,100,0,31,5191,16,16,0,0,
PL33PR_2024-08-04.csv,current date:,2026-10-08 07:10:27,boxes:,164,palet: ,3,packer=run:w_64_h_1_l_1_with_colom bin=31x27x40 nb=10 n_pick=5 max_l=256 rot=2 ems=3 stability=com min_support=0.8 n_types=3 type_constraint=1 type_rule=touch soft_mix=0 arm_collision=1 base_x_moves=0/-0.5/0.5/-1/1 stack_cap=1 stack_cap_types=2 stack_cap_side_cm=12x30 stack_cap_allow_cm=8x140 ,cell_cm=1 box_scale=4 box_round=nearest box_pad_m=0.04 order_random=0 pallet_cm=31x27x40,name:,w_64_h_1_l_1_with_colom touch,
pallet_id,max_height,uneven_z_val,boxes_volume_per_pallet [%],time_to_pack [ms],total_number_of_boxes,number_of_blue_boxes,number_of_white_boxes,number_of_master_boxes,
0,160,0,54,931,40,14,15,11,
1,160,0,54,2142,47,6,16,25,
2,160,0,68,3280,51,15,15,21,
3,160,0,46,3851,26,21,0,5,
PL33PR_2024-08-04.csv,current date:,2026-10-08 07:14:26,boxes:,164,palet: ,3,packer=run:w_64_h_1_l_1_with_colom bin=31x27x40 nb=10 n_pick=5 max_l=256 rot=2 ems=3 stability=com min_support=0.8 n_types=3 type_constraint=1 type_rule=column soft_mix=0 arm_collision=1 base_x_moves=0/-0.5/0.5/-1/1 stack_cap=1 stack_cap_types=2 stack_cap_side_cm=12x30 stack_cap_allow_cm=8x140 ,cell_cm=1 box_scale=4 box_round=nearest box_pad_m=0.04 order_random=0 pallet_cm=31x27x40,name:,w_64_h_1_l_1_with_colom,
pallet_id,max_height,uneven_z_val,boxes_volume_per_pallet [%],time_to_pack [ms],total_number_of_boxes,number_of_blue_boxes,number_of_white_boxes,number_of_master_boxes,
0,160,0,61,1379,50,14,15,21,
1,156,0,51,2255,39,6,18,15,
2,160,0,67,3286,50,16,13,21,
3,156,0,43,3876,25,20,0,5,
PL33PR_2024-08-04.csv,current date:,2026-10-08 08:25:37,boxes:,164,palet: ,3,packer=run:w_64_h_1_l_1_with_colom bin=125x108x160 nb=10 n_pick=5 max_l=256 rot=2 ems=3 stability=com min_support=0.8 n_types=3 type_constraint=1 type_rule=mixed_column soft_mix=1 arm_collision=1 base_x_moves=0/-0.5/0.5/-1/1 stack_cap=1 stack_cap_types=2 stack_cap_side_cm=12x30 stack_cap_allow_cm=8x140 ,cell_cm=1 box_scale=1 box_round=nearest box_pad_m=0.04 order_random=0 pallet_cm=125x108x160,name:,w_64_h_1_l_1_with_colom big,
pallet_id,max_height,uneven_z_val,boxes_volume_per_pallet [%],time_to_pack [ms],total_number_of_boxes,number_of_blue_boxes,number_of_white_boxes,number_of_master_boxes,
0,160,0,66,4779,55,14,16,25,
1,156,0,70,8453,46,11,21,14,
2,160,0,65,11954,46,15,9,22,
3,158,0,33,13250,17,14,0,3,
PL33PR_2024-08-04.csv,current date:,2026-10-09 09:20:33,boxes:,164,palet: ,3,packer=run:w_128_h_1_l_1_with_colom bin=125x108x160 nb=10 n_pick=5 max_l=256 rot=2 ems=3 stability=com min_support=0.8 n_types=3 type_constraint=1 type_rule=column soft_mix=0 arm_collision=1 base_x_moves=0/-0.5/0.5/-1/1 stack_cap=1 stack_cap_types=2 stack_cap_side_cm=12x30 stack_cap_allow_cm=8x140 ,cell_cm=1 box_scale=1 box_round=nearest box_pad_m=0.04 order_random=0 pallet_cm=125x108x160,name:,w_128_h_1_l_1_with_colom_big_map,
pallet_id,max_height,uneven_z_val,boxes_volume_per_pallet [%],time_to_pack [ms],total_number_of_boxes,number_of_blue_boxes,number_of_white_boxes,number_of_master_boxes,
0,154,0,64,3791,41,14,18,9,
1,141,0,38,6711,40,0,14,26,
2,160,0,72,10376,44,17,14,13,
3,148,0,36,13384,28,12,0,16,
4,120,0,24,14432,11,11,0,0,
PL33PR_2024-08-04.csv,current date:,2026-10-09 09:29:21,boxes:,164,palet: ,3,packer=run:w_128_h_1_l_1_with_colom bin=125x108x160 nb=10 n_pick=5 max_l=256 rot=2 ems=3 stability=com min_support=0.8 n_types=3 type_constraint=1 type_rule=mixed_column soft_mix=1 arm_collision=1 base_x_moves=0/-0.5/0.5/-1/1 stack_cap=1 stack_cap_types=2 stack_cap_side_cm=12x30 stack_cap_allow_cm=8x140 ,cell_cm=1 box_scale=1 box_round=nearest box_pad_m=0.04 order_random=0 pallet_cm=125x108x160,name:,w_128_h_1_l_1_with_colom_big_map_soft,
pallet_id,max_height,uneven_z_val,boxes_volume_per_pallet [%],time_to_pack [ms],total_number_of_boxes,number_of_blue_boxes,number_of_white_boxes,number_of_master_boxes,
0,160,0,72,7255,52,14,18,20,
1,160,0,54,13823,42,10,16,16,
2,159,0,63,19171,47,12,12,23,
3,148,0,44,21186,23,18,0,5,
