pallet_id,length_cm,width_cm,height_cm,type
2340159,50,30,28,0
2340159,50,30,28,0
2340159,50,30,28,0
2340159,50,30,28,0
2340159,50,30,28,0
2340159,45.5,27.5,18,1
2340159,45.5,27.5,18,1
2340159,50,30,28,0
2340159,45.5,27.5,25,1
2340159,50,30,28,0
2340159,50,30,28,0
2340159,50,30,28,0
2340159,50,30,28,0
2340159,50,30,18,0
2340159,45.5,27.5,18,1
2340159,50,30,18,0
2340159,50,30,28,0
2340159,32,42,26.5,2
2340159,45.5,27.5,25,1
2340159,50,30,28,0
2340159,50,30,18,0
2340159,50,30,28,0
2340159,50,30,28,0
2340159,50,30,28,0
2340159,50,30,28,0
2340159,45.5,27.5,18,1
2340159,50,30,28,0
2340159,32,42,26.5,2
2340159,50,30,28,0
2340159,50,30,28,0
2340159,50,30,28,0
2340159,50,30,28,0
2340159,50,30,28,0
2340159,45.5,27.5,25,1
2340159,45.5,27.5,18,1
2340159,50,30,28,0
2340159,50,30,28,0
2340159,45.5,27.5,25,1
2340159,32,42,26.5,2
2340159,50,30,28,0
2340159,17.8,15,14.4,2
2340159,45.5,27.5,25,1
2340159,50,30,28,0
2340159,50,30,28,0
2340159,50,30,18,0
2340159,45.5,27.5,18,1
2340159,50,30,28,0
2340159,17.8,15,14.4,2
2340159,50,30,28,0
2340159,45.5,27.5,25,1
2340159,45.5,27.5,18,1
2340159,50,30,28,0
2340159,17.8,15,14.4,2
2340159,50,30,28,0
2340159,50,30,18,0
2340159,55.5,31.5,35.6,2
2340159,50,30,28,0
2340159,32.1,25.6,20.7,2
2340159,36.5,18.2,11.1,2
2340159,28.7,18,15.1,2
2340159,45.5,27.5,18,1
2340159,26,15.8,13,2
2340159,50,30,28,0
2340159,37,30,30,2
2340159,49.3,25.1,14.8,2
2340159,27.6,13.9,12.5,2
2340159,45.5,27.5,25,1
2340159,27.6,13.9,12.5,2
2340159,38.8,28.8,17.7,2
2340159,38.8,28.8,17.7,2
2340159,32,42,26.5,2
2340159,31,14.9,18.8,2
2340159,39.5,22.5,31.9,2
2340159,45.5,27.5,25,1
2340159,45.5,27.5,18,1
2340166,45.5,27.5,25,1
2340166,21.5,15.8,23.3,2
2340166,50,30,18,0
2340166,45.5,27.5,18,1
2340166,15.4,14.6,16,2
2340166,39.5,22.5,31.9,2
2340166,45.5,27.5,25,1
2340166,39.5,22.5,31.9,2
2340166,20,11.6,12.7,2
2340166,17.8,15,14.4,2
2340166,45.5,27.5,18,1
2340166,45.5,27.5,25,1
2340166,45.5,27.5,25,1
2340166,45.5,27.5,18,1
2340166,58.2,33.4,38.3,2
2340166,29.5,22,17,2
2340166,50,30,28,0
2340166,29.5,22,17,2
2340166,45.5,27.5,18,1
2340166,45.5,27.5,18,1
2340166,45.5,27.5,25,1
2340166,24,15.8,23,2
2340166,20,11.6,12.7,2
2340166,25.2,24,23.5,2
2340166,50,30,28,0
2340166,25.2,24,23.5,2
2340166,37,30,30,2
2340166,45.5,27.5,25,1
2340166,45.5,27.5,25,1
2340166,45.5,27.5,18,1
2340166,45.5,27.5,25,1
2340166,50,30,28,0
2340166,45.5,27.5,18,1
2340166,45.5,27.5,18,1
2340166,36.5,18.2,11.1,2
2340166,25.2,24,23.5,2
2340166,45.5,27.5,25,1
2340166,45.5,27.5,25,1
2340166,17.8,15,14.4,2
2340166,17.8,15,14.4,2
2340166,17.8,15,14.4,2
2340166,19.2,18.9,24.8,2
2340166,21.5,15.8,23.3,2
2340166,21.5,15.8,23.3,2
2340166,45.5,27.5,25,1
2340166,45.5,27.5,18,1
2340166,50,30,28,0
2340166,50,30,28,0
2340166,50,30,28,0
2340166,45.5,27.5,18,1
2340166,45.5,27.5,18,1
2340166,50,30,28,0
2340166,50,30,28,0
2340166,50,30,18,0
2340166,50,30,28,0
2340166,50,30,18,0
2340166,50,30,18,0
2340166,50,30,18,0
2340166,45.5,27.5,18,1
2340166,45.5,27.5,18,1
2340166,45.5,27.5,25,1
2340166,45.5,27.5,25,1
2340166,45.5,27.5,18,1
2340166,39.5,28.2,38.6,2
2340166,45.5,27.5,18,1
2340166,32,19.5,25,2
2340166,50,30,28,0
2340166,45.5,27.5,18,1
2340166,50,30,28,0
2340166,27,15,16.5,2
2340166,50,30,28,0
2340166,50,30,28,0
2340166,45.5,27.5,25,1
2340166,50,30,18,0
2340166,50,30,18,0
2340178,50,30,18,0
2340178,26,15.8,13,2
2340178,45.5,27.5,18,1
2340178,29.3,20.4,23,2
2340178,29.3,20.4,23,2
2340178,45.5,27.5,25,1
2340178,45.5,27.5,25,1
2340178,50,30,18,0
2340178,50,30,18,0
2340178,45.5,27.5,25,1
2340178,50,30,28,0
2340178,45.5,27.5,18,1
2340178,29.3,20.4,23,2
2340178,50,30,18,0
2340178,50,30,18,0
2340178,50,30,18,0
2340178,45.5,27.5,18,1
2340178,38.9,26.6,22,2
2340178,45.5,27.5,25,1
2340178,50,30,28,0
2340178,50,30,18,0
2340178,45.5,27.5,25,1
2340178,50,30,18,0
2340178,50,30,18,0
2340178,50,30,28,0
2340178,45.5,27.5,25,1
2340178,45.5,27.5,18,1
2340178,50,30,18,0
2340178,38.9,26.6,22,2
2340178,45.5,27.5,18,1
2340178,44.2,29.1,11,2
2340178,50,30,28,0
2340178,44.2,29.1,11,2
2340178,50,30,28,0
2340178,49.3,25.1,14.8,2
2340178,14.5,13,23.5,2
2340178,14.5,13,23.5,2
2340178,14.5,13,23.5,2
2340178,43.6,33.5,34,2
2340178,45.5,27.5,25,1
2340178,43.6,33.5,34,2
2340178,14.5,13,23.5,2
2340178,45.5,27.5,25,1
2340178,45.5,27.5,18,1
2340178,37,30,30,2
2340178,37,26.6,21.2,2
2340178,45.5,27.5,25,1
2340178,27,15,16.5,2
2340178,39.5,22.5,31.9,2
2340178,36,27.7,27.5,2
2340178,45.5,27.5,25,1
2340178,36,27.7,27.5,2
2340178,36,27.7,27.5,2
2340178,36,27.7,27.5,2
2340178,29.8,22.1,14.2,2
2340178,26,15.8,13,2
2340178,53.2,25,30,2
2340178,26,15.8,13,2
2340178,58.2,33.4,38.3,2
2340178,22.5,20.6,21.5,2
2340178,21.4,14.1,17,2
2340178,34,24,21.6,2
2340178,39.5,22.5,31.9,2
2340178,36.5,26.3,25,2
2340178,37,30,30,2
2340178,45.5,27.5,18,1
2340178,37,30,30,2
2340178,37,30,30,2
2340178,36,15.5,14.5,2
2340178,29.3,20.4,23,2
2340178,21.2,16.8,15.1,2
2340178,23,43.5,24.9,2
2340178,44.5,29.5,33.7,2
2340178,22.5,20.6,21.5,2
2340178,45.5,27.5,18,1
2340180,26,15.8,13,2
2340180,43,26,33.6,2
2340180,49.3,25.1,14.8,2
2340180,49.3,25.1,14.8,2
2340180,53.2,25,30,2
2340180,35.5,27.8,14.7,2
2340180,50,30,18,0
2340180,35.5,27.8,14.7,2
2340180,44.5,15.7,22.4,2
2340180,44.5,15.7,22.4,2
2340180,35,13.2,19.2,2
2340180,49.3,25.1,14.8,2
2340180,50,30,28,0
2340180,29.7,19.5,10.5,2
2340180,45.5,27.5,18,1
2340180,50,30,18,0
2340180,42.4,27.2,32.7,2
2340180,45.5,27.5,18,1
2340180,44.5,29.5,33.7,2
2340180,44.5,29.5,33.7,2
2340180,34.8,29.2,24.6,2
2340180,29,37.5,30.5,2
2340180,29,37.5,30.5,2
2340180,50,30,18,0
2340180,29,37.5,30.5,2
2340180,29,37.5,30.5,2
2340180,29,37.5,30.5,2
2340180,29,37.5,30.5,2
2340180,29,37.5,30.5,2
2340180,27.5,14.4,18.5,2
2340180,29.5,22,17,2
2340180,19.2,18.9,24.8,2
2340180,20.7,13.7,20.9,2
2340180,47.7,25.6,35.7,2
2340180,47.7,25.6,35.7,2
2340180,47.7,25.6,35.7,2
2340180,29.7,19.5,10.5,2
2340180,22.5,20.6,21.5,2
2340180,27.5,37,36,2
2340180,24.5,19.8,16,2
2340180,27.5,14.4,18.5,2
2340180,50,30,28,0
2340180,50,30,18,0
2340180,45.5,27.5,18,1
2340180,45.5,27.5,25,1
2340180,45.5,27.5,25,1
2340180,45.5,27.5,25,1
2340180,50,30,28,0
2340180,45.5,27.5,18,1
2340180,45.5,27.5,25,1
2340180,50,30,18,0
2340180,45.5,27.5,25,1
2340180,45.5,27.5,25,1
2340180,45.5,27.5,18,1
2340180,50,30,18,0
2340180,50,30,18,0
2340180,50,30,28,0
2340180,45.5,27.5,18,1
2340180,50,30,18,0
2340180,45.5,27.5,18,1
2340180,44.2,29.1,11,2
2340180,45.5,27.5,25,1
2340180,45.5,27.5,18,1
2340180,49.3,25.1,14.8,2
2340180,50,30,18,0
2340180,50,30,28,0
2340180,50,30,28,0
2340180,45.5,27.5,25,1
2340180,16.7,13.5,22,2
2340180,50,30,28,0
2340180,45.5,27.5,18,1
2340180,50,30,18,0
2340180,37,30,30,2
2340180,50,30,18,0
2340180,50,30,28,0
2340187,45.5,27.5,18,1
2340187,50,30,18,0
2340187,45.5,27.5,18,1
2340187,45.5,27.5,18,1
2340187,37,30,30,2
2340187,50,30,18,0
2340187,50,30,18,0
2340187,50,30,28,0
2340187,50,30,18,0
2340187,50,30,28,0
2340187,20,19.1,19.4,2
2340187,20,19.1,19.4,2
2340187,50,30,28,0
2340187,50,30,18,0
2340187,45.5,27.5,18,1
2340187,50,30,28,0
2340187,45.5,27.5,25,1
2340187,50,30,18,0
2340187,20,19.1,19.4,2
2340187,50,30,28,0
2340187,50,30,18,0
2340187,50,30,18,0
2340187,50,30,28,0
2340187,45.5,27.5,18,1
2340187,20.3,12.7,8.5,2
2340187,20.3,12.7,8.5,2
2340187,19.2,18.9,24.8,2
2340187,45.5,27.5,25,1
2340187,45.5,27.5,25,1
2340187,50,30,28,0
2340187,50,30,18,0
2340187,19.2,18.9,24.8,2
2340187,50,30,28,0
2340187,44.5,15.7,22.4,2
2340187,50,30,28,0
2340187,50,30,18,0
2340187,50,30,28,0
2340187,45.5,27.5,18,1
2340187,45.5,27.5,18,1
2340187,45.5,27.5,25,1
2340187,44.5,15.7,22.4,2
2340187,34.5,24.6,18.1,2
2340187,27,15,16.5,2
2340187,50,30,18,0
2340187,20.3,12.7,8.5,2
2340187,50,30,28,0
2340187,20.3,12.7,8.5,2
2340187,50,30,18,0
2340187,34.6,19.1,27,2
2340187,45.5,27.5,18,1
2340187,45.5,27.5,25,1
2340187,50,30,28,0
2340187,50,30,28,0
2340187,50,30,18,0
2340187,50,30,18,0
2340187,50,30,28,0
2340187,45.5,27.5,18,1
2340187,50,30,18,0
2340187,45.5,27.5,18,1
2340187,50,30,18,0
2340187,50,30,18,0
2340187,45.5,27.5,18,1
2340187,45.5,27.5,25,1
2340187,50,30,28,0
2340187,34.8,29.2,24.6,2
2340187,50,30,28,0
2340187,50,30,28,0
2340187,45.5,27.5,25,1
2340187,50,30,28,0
2340187,50,30,28,0
2340187,29.5,22,17,2
2340187,45.5,27.5,18,1
2340187,45.5,27.5,25,1
2340187,20,19.1,19.4,2
2340187,49.3,25.1,14.8,2
2340195,50,30,18,0
2340195,27.1,15.7,14.5,2
2340195,41.5,32.4,17.4,2
2340195,41.5,32.4,17.4,2
2340195,45.5,27.5,18,1
2340195,55.4,30.2,37.4,2
2340195,50,30,28,0
2340195,20.3,12.7,8.5,2
2340195,45.5,27.5,18,1
2340195,34.8,29.2,24.6,2
2340195,34.8,29.2,24.6,2
2340195,50,30,28,0
2340195,45.5,27.5,18,1
2340195,45.5,27.5,18,1
2340195,24.9,15,11.2,2
2340195,37,30,30,2
2340195,37,30,30,2
2340195,26,15.8,13,2
2340195,45.5,27.5,25,1
2340195,21.5,12.5,15.5,2
2340195,45.5,27.5,18,1
2340195,21.5,12.5,15.5,2
2340195,38.8,28.8,17.7,2
2340195,50,30,28,0
2340195,16.7,13.5,22,2
2340195,45.5,27.5,18,1
2340195,45.5,27.5,25,1
2340195,45.5,27.5,25,1
2340195,45.5,27.5,25,1
2340195,45.5,27.5,18,1
2340195,45.5,27.5,25,1
2340195,45.5,27.5,25,1
2340195,45.5,27.5,18,1
2340195,45.5,27.5,18,1
2340195,22.9,22.5,23.5,2
2340195,45.5,27.5,18,1
2340195,45.5,27.5,25,1
2340195,45.5,27.5,18,1
2340195,45.5,27.5,25,1
2340195,45.5,27.5,25,1
2340195,45.5,27.5,25,1
2340195,45.5,27.5,25,1
2340195,19.7,16.5,13.2,2
2340195,50,30,28,0
2340195,45.5,27.5,25,1
2340195,49.3,25.1,14.8,2
2340195,45.7,34.2,19.4,2
2340195,45.7,34.2,19.4,2
2340195,50,30,28,0
2340195,45.5,27.5,25,1
2340195,10.6,10,14.1,2
2340195,45.5,27.5,18,1
2340195,36.5,20.6,22.7,2
2340195,30,40.5,35.5,2
2340195,50,30,28,0
2340195,30,40.5,35.5,2
2340195,49.3,25.1,14.8,2
2340195,37,30,30,2
2340195,41.6,33,17.9,2
2340195,41.6,33,17.9,2
2340195,41.6,33,17.9,2
2340195,41.6,33,17.9,2
2340195,47.7,29.3,34.9,2
2340195,47.7,29.3,34.9,2
2340195,36,15.5,14.5,2
2340195,44.5,29.5,33.7,2
2340195,20,11.6,12.7,2
2340195,50,30,28,0
2340195,20,11.6,12.7,2
2340195,17.1,14,13.7,2
2340195,30,40.5,35.5,2
2340195,45.5,27.5,18,1
2340195,36,15.5,14.5,2
2340195,45.5,27.5,25,1
2340195,36,15.5,14.5,2
2340209,26,15.8,13,2
2340209,26,15.8,13,2
2340209,11.2,8.5,13.2,2
2340209,50,30,28,0
2340209,36.5,18.2,11.1,2
2340209,49.3,25.1,14.8,2
2340209,49.3,25.1,14.8,2
2340209,46.9,31.5,20.7,2
2340209,50,30,28,0
2340209,19.2,18.9,24.8,2
2340209,20.9,14.9,13.5,2
2340209,12.4,11,22.5,2
2340209,45.5,27.5,18,1
2340209,20,11.6,12.7,2
2340209,45.7,34.2,19.4,2
2340209,26,15.8,13,2
2340209,26,15.8,13,2
2340209,14.5,13,23.5,2
2340209,43.9,29.9,25.8,2
2340209,30,40.5,35.5,2
2340209,46.9,31.5,20.7,2
2340209,46.9,31.5,20.7,2
2340209,46.9,31.5,20.7,2
2340209,19.2,18.9,24.8,2
2340209,45.5,27.5,25,1
2340209,41.6,33,17.9,2
2340209,14.5,13,23.5,2
2340209,58.2,33.4,38.3,2
2340209,30,40.5,35.5,2
2340209,45.5,27.5,25,1
2340209,30,40.5,35.5,2
2340209,50.4,23.5,20.4,2
2340209,50.4,23.5,20.4,2
2340209,50,30,28,0
2340209,27,23.4,14.8,2
2340209,43.9,29.9,25.8,2
2340209,50,30,28,0
2340209,45.5,27.5,25,1
2340209,49.3,25.1,14.8,2
2340209,46.9,31.5,20.7,2
2340209,28.7,18,15.1,2
2340209,28.7,18,15.1,2
2340209,28.7,18,15.1,2
2340209,19.2,18.9,24.8,2
2340209,45.5,27.5,25,1
2340209,46.9,31.5,20.7,2
2340209,50,30,28,0
2340209,50,30,28,0
2340209,45.5,27.5,18,1
2340209,45.5,27.5,18,1
2340209,46.9,31.5,20.7,2
2340209,30,40.5,35.5,2
2340209,45.5,27.5,18,1
2340209,50,30,18,0
2340209,45.5,27.5,18,1
2340209,45.5,27.5,25,1
2340209,30,40.5,35.5,2
2340209,45.5,27.5,25,1
2340209,50,30,28,0
2340209,50,30,28,0
2340209,45.5,27.5,25,1
2340209,45.5,27.5,25,1
2340209,30,40.5,35.5,2
2340209,50.3,28.1,33.3,2
2340209,49.3,25.1,14.8,2
2340209,11.2,8.5,13.2,2
2340209,11.2,8.5,13.2,2
2340209,33,26.1,32,2
2340209,45.5,27.5,18,1
2340209,27.6,25.2,33.1,2
2340209,30,40.5,35.5,2
2340209,30,40.5,35.5,2
2340209,34,24,21.6,2
2340209,34,24,21.6,2
2340209,45.5,27.5,25,1
2340216,45.5,27.5,18,1
2340216,34,24,21.6,2
2340216,45.5,27.5,25,1
2340216,43.9,29.9,25.8,2
2340216,45.5,27.5,25,1
2340216,20.6,15.6,11.5,2
2340216,45.5,27.5,18,1
2340216,45.5,27.5,25,1
2340216,45.5,27.5,18,1
2340216,45.5,27.5,25,1
2340216,50,30,18,0
2340216,39.5,28.2,38.6,2
2340216,45.5,27.5,18,1
2340216,39.5,28.2,38.6,2
2340216,36.5,20.6,22.7,2
2340216,20.9,14.9,13.5,2
2340216,14.5,13,23.5,2
2340216,22.4,21.2,22.5,2
2340216,45.5,27.5,25,1
2340216,22.4,21.2,22.5,2
2340216,45.5,27.5,25,1
2340216,49.3,25.1,14.8,2
2340216,45.5,27.5,18,1
2340216,26,15.8,13,2
2340216,41,29.5,19.9,2
2340216,20.9,14.9,13.5,2
2340216,50,30,28,0
2340216,49.3,25.1,14.8,2
2340216,32,42,26.5,2
2340216,29.3,20.4,23,2
2340216,29.3,20.4,23,2
2340216,50,30,28,0
2340216,29.3,20.4,23,2
2340216,26,15.8,13,2
2340216,30,40.5,35.5,2
2340216,44.5,29.5,33.7,2
2340216,44.5,29.5,33.7,2
2340216,26,15.8,13,2
2340216,26,15.8,13,2
2340216,45.5,27.5,25,1
2340216,50,30,28,0
2340216,26,15.8,13,2
2340216,26,15.8,13,2
2340216,50,30,18,0
2340216,45.5,27.5,25,1
2340216,50,30,18,0
2340216,50,30,18,0
2340216,50,30,28,0
2340216,50,30,18,0
2340216,39.5,22.5,31.9,2
2340216,50,30,28,0
2340216,50,30,28,0
2340216,39.5,22.5,31.9,2
2340216,50,30,18,0
2340216,27.5,14.4,18.5,2
2340216,50,30,28,0
2340216,50,30,28,0
2340216,50,30,28,0
2340216,50,30,28,0
2340216,27,23.4,14.8,2
2340216,50,30,18,0
2340216,50,30,18,0
2340216,50,30,28,0
2340216,24.5,11,12.1,2
2340216,41.8,27.3,13,2
2340216,50,30,28,0
2340216,45.5,27.5,18,1
2340216,45.5,27.5,18,1
2340216,45.5,27.5,25,1
2340216,45.5,27.5,25,1
2340216,50,30,28,0
2340216,45.5,27.5,25,1
2340216,45.5,27.5,18,1
2340216,50,30,28,0
2340216,45.5,27.5,25,1
2340231,45.5,27.5,25,1
2340231,45.5,27.5,25,1
2340231,37,30,30,2
2340231,45.5,27.5,25,1
2340231,45.5,27.5,25,1
2340231,45.5,27.5,18,1
2340231,50,30,18,0
2340231,37,30,30,2
2340231,28.7,18,15.1,2
2340231,50,30,18,0
2340231,18.5,14.3,11.7,2
2340231,45.5,27.5,18,1
2340231,45.5,27.5,18,1
2340231,45.5,27.5,25,1
2340231,19.1,16.6,13,2
2340231,45.5,27.5,18,1
2340231,45.5,27.5,18,1
2340231,45.5,27.5,25,1
2340231,45.5,27.5,18,1
2340231,19.2,18.9,24.8,2
2340231,19.2,18.9,24.8,2
2340231,45.5,27.5,25,1
2340231,19.2,18.9,24.8,2
2340231,45.5,27.5,18,1
2340231,36,29.7,29.5,2
2340231,50,30,18,0
2340231,45.5,27.5,25,1
2340231,45.5,27.5,18,1
2340231,36,29.7,29.5,2
2340231,36,29.7,29.5,2
2340231,45.5,27.5,18,1
2340231,45.5,27.5,25,1
2340231,36,29.7,29.5,2
2340231,45.5,27.5,18,1
2340231,50,30,18,0
2340231,45.5,27.5,18,1
2340231,36,29.7,29.5,2
2340231,45.5,27.5,25,1
2340231,36,29.7,29.5,2
2340231,45.5,27.5,18,1
2340231,45.5,27.5,25,1
2340231,45.5,27.5,18,1
2340231,45.5,27.5,18,1
2340231,45.5,27.5,18,1
2340231,50,30,28,0
2340231,22.5,20.6,21.5,2
2340231,45.5,27.5,18,1
2340231,45.5,27.5,18,1
2340231,45.5,27.5,18,1
2340231,45.5,27.5,25,1
2340231,12.8,11,18.5,2
2340231,45.5,27.5,25,1
2340231,12.8,11,18.5,2
2340231,45.5,27.5,18,1
2340231,45.5,27.5,25,1
2340231,12.8,11,18.5,2
2340231,34,24,21.6,2
2340231,37,30,30,2
2340231,11.8,11.5,19.2,2
2340231,45.5,27.5,18,1
2340231,35,13.2,19.2,2
2340231,19.1,16.6,13,2
2340231,28.7,18,15.1,2
2340231,45.5,27.5,18,1
2340231,28.7,18,15.1,2
2340231,15.7,10.5,23,2
2340231,45.5,27.5,18,1
2340231,15.7,10.5,23,2
2340231,50,30,28,0
2340231,12.4,12.3,21,2
2340231,38.2,27.5,11,2
2340231,45.5,27.5,18,1
2340231,38.2,27.5,11,2
2340231,38.2,27.5,11,2
2340231,38.2,27.5,11,2
2340234,52.3,22,33,2
2340234,52.3,22,33,2
2340234,38.2,27.5,11,2
2340234,45.5,27.5,18,1
2340234,50,30,18,0
2340234,38.2,27.5,11,2
2340234,36,15.5,14.5,2
2340234,23.1,20.9,13.5,2
2340234,35,13.2,19.2,2
2340234,35.4,23.5,12.2,2
2340234,35.4,23.5,12.2,2
2340234,49.3,25.1,14.8,2
2340234,18.5,14.3,11.7,2
2340234,18.5,14.3,11.7,2
2340234,19.2,18.9,24.8,2
2340234,17.1,14,13.7,2
2340234,28.7,18,15.1,2
2340234,28.7,18,15.1,2
2340234,37,30,30,2
2340234,49.3,25.1,14.8,2
2340234,49.3,25.1,14.8,2
2340234,27.6,25.2,33.1,2
2340234,41.8,27.3,13,2
2340234,49.3,25.1,14.8,2
2340234,44.5,29.5,33.7,2
2340234,37.1,30.1,22.7,2
2340234,50,30,18,0
2340234,30.2,21.5,20.9,2
2340234,50,30,28,0
2340234,50,30,18,0
2340234,30.2,21.5,20.9,2
2340234,33.9,25.4,12.5,2
2340234,50,30,28,0
2340234,50,30,18,0
2340234,50,30,28,0
2340234,50,30,18,0
2340234,50,30,28,0
2340234,20.9,14.9,13.5,2
2340234,45.5,27.5,25,1
2340234,50,30,18,0
2340234,21.5,18.6,23.9,2
2340234,50,30,28,0
2340234,50,30,28,0
2340234,45.5,27.5,25,1
2340234,44.5,29.5,33.7,2
2340234,49.3,25.1,14.8,2
2340234,45.5,27.5,18,1
2340234,50,30,18,0
2340234,45.5,27.5,25,1
2340234,49.3,25.1,14.8,2
2340234,49.3,25.1,14.8,2
2340234,50,30,28,0
2340234,50,30,28,0
2340234,55.5,31.5,35.6,2
2340234,55.5,31.5,35.6,2
2340234,39.5,28.2,38.6,2
2340234,44.5,29.5,33.7,2
2340234,45.5,27.5,25,1
2340234,44.5,29.5,33.7,2
2340234,36.5,18.2,11.1,2
2340234,29.5,22,17,2
2340234,29.5,22,17,2
2340234,29.5,22,17,2
2340234,29.5,22,17,2
2340234,41.8,27.3,13,2
2340234,45.5,27.5,25,1
2340234,41.8,27.3,13,2
2340234,45.5,27.5,18,1
2340234,56.5,40.4,30.4,2
2340234,56.5,40.4,30.4,2
2340234,56.5,40.4,30.4,2
2340234,56.5,40.4,30.4,2
2340234,37,30,30,2
2340234,27.5,37,36,2
2340234,12.5,10.6,22,2
2340241,12.5,10.6,22,2
2340241,35,28,18,2
2340241,28.7,18,15.1,2
2340241,25.7,14.5,11.9,2
2340241,45.5,27.5,25,1
2340241,20.1,13.3,12.6,2
2340241,37,30,30,2
2340241,22.9,14.3,21.9,2
2340241,49.3,25.1,14.8,2
2340241,35,28,18,2
2340241,35,28,18,2
2340241,50,30,28,0
2340241,35,28,18,2
2340241,17.1,16,15.2,2
2340241,17.1,16,15.2,2
2340241,19.5,14.4,12.1,2
2340241,55.5,31.5,35.6,2
2340241,55.5,31.5,35.6,2
2340241,44.5,29.5,33.7,2
2340241,39.5,28.2,38.6,2
2340241,21.6,15.6,22.5,2
2340241,44.5,29.5,33.7,2
2340241,44.5,29.5,33.7,2
2340241,50,30,28,0
2340241,18.5,14.3,11.7,2
2340241,14,9.7,19.7,2
2340241,20.1,13.3,12.6,2
2340241,37,30,30,2
2340241,50,30,28,0
2340241,37,30,30,2
2340241,43.5,32,34,2
2340241,27.5,37,36,2
2340241,37,30,30,2
2340241,37,30,30,2
2340241,18.5,14,20.9,2
2340241,32.4,15.1,23.5,2
2340241,26,15.8,13,2
2340241,26,15.8,13,2
2340241,44.5,29.5,33.7,2
2340241,14,9.7,19.7,2
2340241,40.5,32.9,28.1,2
2340241,50,30,18,0
2340241,40.5,32.9,28.1,2
2340241,32.1,25.6,20.7,2
2340241,21.5,18.6,23.9,2
2340241,50,30,28,0
2340241,45.5,27.5,25,1
2340241,44.5,29.5,33.7,2
2340241,32.1,25.6,20.7,2
2340241,12.4,11,22.5,2
2340241,27,15,16.5,2
2340241,50,30,28,0
2340241,17.1,14,13.7,2
2340241,15.5,14.4,17.7,2
2340241,34,24.5,18,2
2340241,50,30,28,0
2340241,50,30,28,0
2340241,50,30,28,0
2340241,26,15.8,13,2
2340241,32,42,26.5,2
2340241,42,28.5,33.5,2
2340241,45.5,27.5,25,1
2340241,42,28.5,33.5,2
2340241,45.5,27.5,18,1
2340241,50,30,18,0
2340241,45.5,27.5,25,1
2340241,45.5,27.5,25,1
2340241,32,42,26.5,2
2340241,32,42,26.5,2
2340241,30,40.5,35.5,2
2340241,39.5,28.2,38.6,2
2340241,31,14.9,18.8,2
2340241,50,30,28,0
2340241,38.8,28.4,25.5,2
2340241,37,30,30,2
2340247,53.2,25,30,2
2340247,50,30,28,0
2340247,45.7,34.2,19.4,2
2340247,45.7,34.2,19.4,2
2340247,35,28,18,2
2340247,45.5,27.5,18,1
2340247,26,15.8,13,2
2340247,45.5,27.5,18,1
2340247,50,30,28,0
2340247,45.5,27.5,25,1
2340247,39.5,28.2,38.6,2
2340247,50,30,28,0
2340247,34.3,30.5,24.1,2
2340247,45.5,27.5,25,1
2340247,45.5,27.5,25,1
2340247,19.2,18.9,24.8,2
2340247,45.5,27.5,25,1
2340247,45.5,27.5,25,1
2340247,26,15.8,13,2
2340247,45.5,27.5,18,1
2340247,50,30,28,0
2340247,26,15.8,13,2
2340247,26,15.8,13,2
2340247,45.5,27.5,18,1
2340247,45.5,27.5,18,1
2340247,45.5,27.5,25,1
2340247,45.5,27.5,25,1
2340247,50,30,28,0
2340247,50,30,18,0
2340247,45.5,27.5,18,1
2340247,45.5,27.5,18,1
2340247,45.5,27.5,25,1
2340247,50,30,28,0
2340247,45.5,27.5,18,1
2340247,50,30,18,0
2340247,45.5,27.5,25,1
2340247,50,30,28,0
2340247,50,30,28,0
2340247,45.5,27.5,25,1
2340247,50,30,18,0
2340247,50,30,28,0
2340247,45.5,27.5,25,1
2340247,50,30,28,0
2340247,50,30,28,0
2340247,50,30,28,0
2340247,50,30,18,0
2340247,45.5,27.5,18,1
2340247,50,30,18,0
2340247,50,30,18,0
2340247,50,30,18,0
2340247,22.4,21.2,22.5,2
2340247,49.3,25.1,14.8,2
2340247,45.5,27.5,18,1
2340247,50,30,18,0
2340247,50,30,28,0
2340247,50,30,18,0
2340247,50,30,18,0
2340247,44.5,29.5,33.7,2
2340247,45.5,27.5,18,1
2340247,45.5,27.5,18,1
2340247,50,30,28,0
2340247,50,30,18,0
2340247,45.5,27.5,18,1
2340247,45.5,27.5,18,1
2340247,45.5,27.5,18,1
2340247,45.5,27.5,25,1
2340247,45.5,27.5,18,1
2340247,38.8,28.4,25.5,2
2340247,26,15.8,13,2
2340247,45.5,27.5,18,1
2340247,50,30,28,0
2340247,45.5,27.5,25,1
2340247,50,30,28,0
2340247,45.5,27.5,18,1
2340247,50,30,18,0
2340260,45.5,27.5,18,1
2340260,26,15.8,13,2
2340260,45.5,27.5,25,1
2340260,44.5,29.5,33.7,2
2340260,45.5,27.5,18,1
2340260,44.5,29.5,33.7,2
2340260,44.5,29.5,33.7,2
2340260,45.5,27.5,18,1
2340260,45.5,27.5,25,1
2340260,44.5,29.5,33.7,2
2340260,38.8,28.8,17.7,2
2340260,45.5,27.5,18,1
2340260,45.5,27.5,25,1
2340260,50,30,28,0
2340260,38.8,28.8,17.7,2
2340260,45.5,27.5,18,1
2340260,22.5,20.6,21.5,2
2340260,45.5,27.5,25,1
2340260,22.5,20.6,21.5,2
2340260,27.6,25.2,33.1,2
2340260,44.5,29.5,33.7,2
2340260,21.6,15.6,22.5,2
2340260,44.5,29.5,33.7,2
2340260,45.5,27.5,25,1
2340260,43.9,29.9,25.8,2
2340260,43.9,29.9,25.8,2
2340260,38.8,28.4,25.5,2
2340260,26,15.8,13,2
2340260,35.1,22.9,29.7,2
2340260,50,30,28,0
2340260,45.5,27.5,18,1
2340260,45.5,27.5,25,1
2340260,26,15.8,13,2
2340260,29.3,20.4,23,2
2340260,29.3,20.4,23,2
2340260,50,30,18,0
2340260,45.5,27.5,18,1
2340260,50,30,28,0
2340260,20.1,13.3,12.6,2
2340260,44.5,29.5,33.7,2
2340260,45.5,27.5,25,1
2340260,16.3,14.9,17.3,2
2340260,16.3,14.9,17.3,2
2340260,45.5,27.5,25,1
2340260,49.3,25.1,14.8,2
2340260,49.3,25.1,14.8,2
2340260,27,15,16.5,2
2340260,26,15.8,13,2
2340260,36.5,20.6,22.7,2
2340260,26.5,11,22,2
2340260,26.5,11,22,2
2340260,22.8,12.8,13.2,2
2340260,44.5,29.5,33.7,2
2340260,26.8,17,11.5,2
2340260,23.7,20,13.2,2
2340260,26,15.8,13,2
2340260,45.5,27.5,25,1
2340260,45.5,27.5,18,1
2340260,27.6,25.2,33.1,2
2340260,27.6,25.2,33.1,2
2340260,27.6,25.2,33.1,2
2340260,45.5,27.5,18,1
2340260,42.4,27.2,32.7,2
2340260,26,15.8,13,2
2340260,26,15.8,13,2
2340260,26,15.8,13,2
2340260,26,15.8,13,2
2340260,41.8,27.3,13,2
2340260,41.8,27.3,13,2
2340260,44.5,29.5,33.7,2
2340260,44.5,29.5,33.7,2
2340260,23.9,18.7,23.6,2
2340260,23.9,18.7,23.6,2
2340260,41.8,27.3,13,2
2340260,41.8,27.3,13,2
2340261,26,15.8,13,2
2340261,20.7,13.7,20.9,2
2340261,49.3,25.1,14.8,2
2340261,49.3,25.1,14.8,2
2340261,49.3,25.1,14.8,2
2340261,45.5,27.5,18,1
2340261,50,30,18,0
2340261,50,30,18,0
2340261,50,30,18,0
2340261,50,30,18,0
2340261,50,30,18,0
2340261,50,30,28,0
2340261,26,15.8,13,2
2340261,50,30,28,0
2340261,26,15.8,13,2
2340261,50,30,28,0
2340261,45.5,27.5,18,1
2340261,50,30,28,0
2340261,38.8,28.8,17.7,2
2340261,50,30,28,0
2340261,50,30,18,0
2340261,50,30,28,0
2340261,50,30,28,0
2340261,34.6,19.1,27,2
2340261,50,30,28,0
2340261,34.6,19.1,27,2
2340261,45.5,27.5,18,1
2340261,22,15,12.6,2
2340261,26,15.8,13,2
2340261,24.5,19.8,16,2
2340261,50,30,28,0
2340261,50,30,28,0
2340261,50,30,28,0
2340261,27,15,16.5,2
2340261,44.5,15.7,22.4,2
2340261,22.8,12.8,13.2,2
2340261,34.6,27.1,32.8,2
2340261,44.5,29.5,33.7,2
2340261,50,30,28,0
2340261,50,30,28,0
2340261,44.5,29.5,33.7,2
2340261,50,30,28,0
2340261,49.3,25.1,14.8,2
2340261,55.4,30.2,37.4,2
2340261,45.5,27.5,18,1
2340261,55.4,30.2,37.4,2
2340261,38.8,28.4,25.5,2
2340261,50,30,28,0
2340261,38.8,28.4,25.5,2
2340261,27.6,25.2,33.1,2
2340261,52.3,22,33,2
2340261,22,15,12.6,2
2340261,49.3,25.1,14.8,2
2340261,49.3,25.1,14.8,2
2340261,20.7,13.7,20.9,2
2340261,21.5,15.5,23.2,2
2340261,29,37.5,30.5,2
2340261,49.3,25.1,14.8,2
2340261,49.3,25.1,14.8,2
2340261,49.3,25.1,14.8,2
2340261,49.3,25.1,14.8,2
2340261,49.3,25.1,14.8,2
2340261,49.3,25.1,14.8,2
2340261,50,30,28,0
2340261,50,30,18,0
2340261,49.3,25.1,14.8,2
2340261,26.5,24,21,2
2340261,45.5,27.5,18,1
2340261,16.5,13.5,11.3,2
2340261,50,30,28,0
2340261,45.5,27.5,25,1
2340261,17,11.5,13.5,2
2340261,50,30,28,0
2340261,17,11.5,13.5,2
2340261,21.9,15.7,16.4,2
2340277,26.5,24,21,2
2340277,50,30,28,0
2340277,50,30,18,0
2340277,45.5,27.5,18,1
2340277,26.5,24,21,2
2340277,26.5,24,21,2
2340277,50,30,28,0
2340277,50,30,28,0
2340277,50,30,28,0
2340277,49.3,25.1,14.8,2
2340277,50,30,18,0
2340277,45.5,27.5,25,1
2340277,45.5,27.5,25,1
2340277,43.9,29.9,25.8,2
2340277,29.5,22,17,2
2340277,26.5,18.3,24.6,2
2340277,45.5,27.5,18,1
2340277,42.7,32,27.1,2
2340277,50,30,18,0
2340277,24.9,15,11.2,2
2340277,45.5,27.5,25,1
2340277,24.9,15,11.2,2
2340277,29.5,22,17,2
2340277,50,30,18,0
2340277,45.5,27.5,18,1
2340277,22.9,22.5,23.5,2
2340277,22.9,22.5,23.5,2
2340277,41.5,22.5,17.6,2
2340277,41.8,27.3,13,2
2340277,24.9,15,11.2,2
2340277,24.9,15,11.2,2
2340277,27.5,37,36,2
2340277,27.5,37,36,2
2340277,50,30,28,0
2340277,27.5,37,36,2
2340277,50,30,18,0
2340277,27.5,37,36,2
2340277,27.5,37,36,2
2340277,16.5,14.7,19.7,2
2340277,26,15.8,13,2
2340277,45.5,27.5,18,1
2340277,45.5,27.5,25,1
2340277,49.3,25.1,14.8,2
2340277,32.1,25.6,20.7,2
2340277,26,15.8,13,2
2340277,22.5,20.6,21.5,2
2340277,22.5,20.6,21.5,2
2340277,34,24.5,18,2
2340277,22.5,20.6,21.5,2
2340277,45.5,27.5,25,1
2340277,30.2,21.5,20.9,2
2340277,45.5,27.5,18,1
2340277,30.2,21.5,20.9,2
2340277,45.5,27.5,25,1
2340277,30.2,21.5,20.9,2
2340277,20.9,14.9,13.5,2
2340277,19.5,14,12.5,2
2340277,19.5,14,12.5,2
2340277,20.1,13.3,12.6,2
2340277,42.4,27.2,32.7,2
2340277,50,30,28,0
2340277,42.4,27.2,32.7,2
2340277,42.4,27.2,32.7,2
2340277,22.5,20.6,21.5,2
2340277,22.5,20.6,21.5,2
2340277,37,30,30,2
2340277,26,15.8,13,2
2340277,26,15.8,13,2
2340277,12.4,11,22.5,2
2340277,23,13.7,21.7,2
2340277,23,13.7,21.7,2
2340277,53.2,25,30,2
2340277,49.3,25.1,14.8,2
2340277,45.5,27.5,18,1
2340277,38.2,27.5,11,2
2340281,45.5,27.5,25,1
2340281,49.3,25.1,14.8,2
2340281,50,30,28,0
2340281,41.8,27.3,13,2
2340281,42.7,32,27.1,2
2340281,45.5,27.5,25,1
2340281,45.5,27.5,18,1
2340281,50,30,28,0
2340281,45.5,27.5,18,1
2340281,45.5,27.5,25,1
2340281,45.5,27.5,25,1
2340281,41.8,27.3,13,2
2340281,18.5,14.3,11.7,2
2340281,45.5,27.5,25,1
2340281,45.5,27.5,18,1
2340281,45.5,27.5,18,1
2340281,50,30,28,0
2340281,23.6,16.3,16.7,2
2340281,35,13.2,19.2,2
2340281,50,30,28,0
2340281,17.9,13.7,22.7,2
2340281,45.5,27.5,18,1
2340281,45.5,27.5,18,1
2340281,50,30,28,0
2340281,45.5,27.5,18,1
2340281,25.6,13.5,12.8,2
2340281,34,24,21.6,2
2340281,45.5,27.5,18,1
2340281,43.9,29.9,25.8,2
2340281,45.5,27.5,18,1
2340281,42.7,32,27.1,2
2340281,27,15,16.5,2
2340281,27.6,25.2,33.1,2
2340281,27.6,25.2,33.1,2
2340281,45.5,27.5,25,1
2340281,45.5,27.5,18,1
2340281,50,30,28,0
2340281,41.8,27.3,13,2
2340281,19.2,18.9,24.8,2
2340281,18.5,17.4,19.5,2
2340281,50,30,28,0
2340281,18.5,17.4,19.5,2
2340281,45.5,27.5,18,1
2340281,37,30,30,2
2340281,45.5,27.5,25,1
2340281,45.5,27.5,25,1
2340281,32.1,25.6,20.7,2
2340281,45.5,27.5,25,1
2340281,45.5,27.5,18,1
2340281,45.5,27.5,18,1
2340281,32.1,25.6,20.7,2
2340281,18.5,14,20.9,2
2340281,27.6,25.2,33.1,2
2340281,49.3,25.1,14.8,2
2340281,31,14.9,18.8,2
2340281,50,30,28,0
2340281,42.4,27.2,32.7,2
2340281,41.8,27.3,13,2
2340281,41.8,27.3,13,2
2340281,45.5,27.5,18,1
2340281,45.5,27.5,18,1
2340281,41.8,27.3,13,2
2340281,45.5,27.5,18,1
2340281,41.8,27.3,13,2
2340281,34,24,21.6,2
2340281,22,14,13.2,2
2340281,22.5,20.6,21.5,2
2340281,22.5,20.6,21.5,2
2340281,22.5,20.6,21.5,2
2340281,22.4,21.2,22.5,2
2340281,32,42,26.5,2
2340281,17.1,16,15.2,2
2340281,17.1,16,15.2,2
2340281,19.2,18.9,24.8,2
2340281,14.5,13,23.5,2
2340286,14.5,13,23.5,2
2340286,14.5,13,23.5,2
2340286,14.5,13,23.5,2
2340286,49.3,25.1,14.8,2
2340286,55.4,30.2,37.4,2
2340286,55.4,30.2,37.4,2
2340286,15.7,13.9,17.9,2
2340286,50,30,28,0
2340286,45.5,27.5,25,1
2340286,50,30,28,0
2340286,50,30,28,0
2340286,50,30,28,0
2340286,45.5,27.5,25,1
2340286,50,30,28,0
2340286,26.9,21.3,23.6,2
2340286,26,15.8,13,2
2340286,50,30,28,0
2340286,45.5,27.5,25,1
2340286,34,24,21.6,2
2340286,45.5,27.5,18,1
2340286,50,30,28,0
2340286,36,15.5,14.5,2
2340286,50,30,28,0
2340286,36,15.5,14.5,2
2340286,50,30,18,0
2340286,14.5,13,23.5,2
2340286,45.5,27.5,18,1
2340286,50,30,18,0
2340286,22.9,22.5,23.5,2
2340286,50,30,28,0
2340286,41.5,20.7,18.5,2
2340286,45.5,27.5,18,1
2340286,50,30,18,0
2340286,50,30,28,0
2340286,45.5,27.5,25,1
2340286,50,30,28,0
2340286,42.4,35.7,21.8,2
2340286,45.5,27.5,18,1
2340286,50,30,28,0
2340286,50,30,28,0
2340286,19.1,16.6,13,2
2340286,26.9,21.3,23.6,2
2340286,26.9,21.3,23.6,2
2340286,36,15.5,14.5,2
2340286,45.5,27.5,25,1
2340286,50,30,28,0
2340286,19.2,18.9,24.8,2
2340286,19.2,18.9,24.8,2
2340286,19.2,18.9,24.8,2
2340286,45.5,27.5,18,1
2340286,45.5,27.5,18,1
2340286,19.2,18.9,24.8,2
2340286,45.5,27.5,18,1
2340286,19.2,18.9,24.8,2
2340286,47.7,25.6,35.7,2
2340286,19.2,18.9,24.8,2
2340286,22.5,20.6,21.5,2
2340286,36,15.5,14.5,2
2340286,41.8,27.3,13,2
2340286,41.8,27.3,13,2
2340286,30,40.5,35.5,2
2340286,50,30,18,0
2340286,45.5,27.5,18,1
2340286,50,30,18,0
2340286,50,30,28,0
2340286,50,30,28,0
2340286,50,30,28,0
2340286,50,30,28,0
2340286,50,30,28,0
2340286,50,30,28,0
2340286,45.5,27.5,25,1
2340286,43.6,33.5,34,2
2340286,43.6,33.5,34,2
2340286,50,30,18,0
2340297,50,30,28,0
2340297,43.9,29.9,25.8,2
2340297,50,30,28,0
2340297,50,30,18,0
2340297,50,30,28,0
2340297,45.5,27.5,25,1
2340297,50,30,28,0
2340297,50,30,18,0
2340297,50,30,18,0
2340297,16.2,13,18.2,2
2340297,24.9,15,11.2,2
2340297,50,30,18,0
2340297,53.2,25,30,2
2340297,45.5,27.5,25,1
2340297,50,30,18,0
2340297,36,15.5,14.5,2
2340297,50,30,28,0
2340297,50,30,28,0
2340297,36,15.5,14.5,2
2340297,50,30,28,0
2340297,50,30,28,0
2340297,36,15.5,14.5,2
2340297,50,30,28,0
2340297,32.1,25.6,20.7,2
2340297,50,30,28,0
2340297,42.4,27.2,32.7,2
2340297,45.5,27.5,25,1
2340297,42.4,27.2,32.7,2
2340297,50,30,18,0
2340297,42.4,27.2,32.7,2
2340297,50,30,28,0
2340297,50,30,28,0
2340297,45.5,27.5,25,1
2340297,50,30,18,0
2340297,50,30,28,0
2340297,45.5,27.5,25,1
2340297,50,30,18,0
2340297,42.4,27.2,32.7,2
2340297,50,30,18,0
2340297,50,30,28,0
2340297,50,30,28,0
2340297,45.5,27.5,25,1
2340297,50,30,28,0
2340297,45.5,27.5,18,1
2340297,50,30,28,0
2340297,45.5,27.5,18,1
2340297,50,30,18,0
2340297,50,30,28,0
2340297,50,30,28,0
2340297,50,30,28,0
2340297,50,30,28,0
2340297,45.5,27.5,25,1
2340297,45.5,27.5,25,1
2340297,45.5,27.5,18,1
2340297,50,30,28,0
2340297,45.5,27.5,25,1
2340297,45.5,27.5,25,1
2340297,50,30,18,0
2340297,50,30,18,0
2340297,50,30,18,0
2340297,45.5,27.5,25,1
2340297,50,30,28,0
2340297,45.5,27.5,25,1
2340297,45.5,27.5,25,1
2340297,50,30,28,0
2340297,50,30,28,0
2340297,45.5,27.5,18,1
2340297,45.5,27.5,18,1
2340297,50,30,28,0
2340297,50,30,28,0
2340297,50,30,28,0
2340297,50,30,28,0
2340297,50,30,18,0
2340297,50,30,28,0
2340301,45.5,27.5,25,1
2340301,50,30,18,0
2340301,50,30,28,0
2340301,50,30,18,0
2340301,50,30,28,0
2340301,45.5,27.5,18,1
2340301,45.5,27.5,25,1
2340301,50,30,18,0
2340301,50,30,28,0
2340301,50,30,18,0
2340301,26,15.8,13,2
2340301,38.9,26.6,22,2
2340301,37,30,30,2
2340301,37,30,30,2
2340301,36.5,18.2,11.1,2
2340301,45.5,27.5,18,1
2340301,15.7,13.9,17.9,2
2340301,45.5,27.5,25,1
2340301,49.3,25.1,14.8,2
2340301,49.3,25.1,14.8,2
2340301,22.5,20.6,21.5,2
2340301,42.4,35.7,21.8,2
2340301,21,18.4,23.4,2
2340301,21,18.4,23.4,2
2340301,42.4,27.2,32.7,2
2340301,35,13.2,19.2,2
2340301,35,13.2,19.2,2
2340301,35,13.2,19.2,2
2340301,27.6,13.9,12.5,2
2340301,27.6,13.9,12.5,2
2340301,37,30,30,2
2340301,50,30,28,0
2340301,36,15.5,14.5,2
2340301,49.3,25.1,14.8,2
2340301,49.3,25.1,14.8,2
2340301,50,30,28,0
2340301,41.4,24.1,20.5,2
2340301,41.4,24.1,20.5,2
2340301,49.3,25.1,14.8,2
2340301,22.5,20.6,21.5,2
2340301,27.6,13.9,12.5,2
2340301,49.3,25.1,14.8,2
2340301,29.5,22,17,2
2340301,29.5,22,17,2
2340301,29.5,22,17,2
2340301,15.5,14.4,17.7,2
2340301,50,30,28,0
2340301,46.3,26.2,36,2
2340301,46.3,26.2,36,2
2340301,46.3,26.2,36,2
2340301,29,37.5,30.5,2
2340301,49.3,25.1,14.8,2
2340301,26,15.8,13,2
2340301,26,15.8,13,2
2340301,42.4,35.7,21.8,2
2340301,49.3,25.1,14.8,2
2340301,43.9,29.9,25.8,2
2340301,26,15.8,13,2
2340301,19.9,13.6,10.5,2
2340301,19.9,13.6,10.5,2
2340301,37,30,30,2
2340301,45.6,29.5,19.3,2
2340301,21,18.4,23.4,2
2340301,44.5,29.5,33.7,2
2340301,18,14,13.5,2
2340301,18,14,13.5,2
2340301,49.3,25.1,14.8,2
2340301,37.1,30.1,22.7,2
2340301,37.1,30.1,22.7,2
2340301,44.5,29.5,33.7,2
2340301,18,14,13.5,2
2340301,49.3,25.1,14.8,2
2340301,37.1,30.1,22.7,2
2340301,19.9,13.6,10.5,2
2340304,49.3,25.1,14.8,2
2340304,49.3,25.1,14.8,2
2340304,49.3,25.1,14.8,2
2340304,44.5,29.5,33.7,2
2340304,41.8,27.3,13,2
2340304,19.3,12.3,11.4,2
2340304,45.6,29.5,19.3,2
2340304,45.6,29.5,19.3,2
2340304,18,14,13.5,2
2340304,34,24,21.6,2
2340304,34,24,21.6,2
2340304,20.7,13.7,20.9,2
2340304,45.5,27.5,25,1
2340304,22.9,14.3,21.9,2
2340304,21,18.4,23.4,2
2340304,18,14,13.5,2
2340304,18,14,13.5,2
2340304,37,30,30,2
2340304,37,30,30,2
2340304,26,15.8,13,2
2340304,24.5,19.8,16,2
2340304,22.5,20.6,21.5,2
2340304,26,15.8,13,2
2340304,28.7,18,15.1,2
2340304,20,19.1,19.4,2
2340304,20,19.1,19.4,2
2340304,20,19.1,19.4,2
2340304,20,19.1,19.4,2
2340304,20,19.1,19.4,2
2340304,23.8,15.1,17.5,2
2340304,21,18.4,23.4,2
2340304,38.9,26.6,22,2
2340304,15.5,14.4,17.7,2
2340304,15.5,14.4,17.7,2
2340304,18,14,13.5,2
2340304,45.5,27.5,18,1
2340304,34,22.6,15.5,2
2340304,19.3,12.3,11.4,2
2340304,19.3,12.3,11.4,2
2340304,26,15.8,13,2
2340304,22.5,20.6,21.5,2
2340304,18,14,13.5,2
2340304,49.3,25.1,14.8,2
2340304,49.3,25.1,14.8,2
2340304,24.5,19.8,16,2
2340304,26,15.8,13,2
2340304,18.5,14.3,11.7,2
2340304,18.5,14.3,11.7,2
2340304,49.3,25.1,14.8,2
2340304,50.7,27,35.1,2
2340304,39.5,22.5,31.9,2
2340304,43.9,29.9,25.8,2
2340304,34,22.6,15.5,2
2340304,24.5,22.5,21,2
2340304,27,15,16.5,2
2340304,49.3,25.1,14.8,2
2340304,49.3,25.1,14.8,2
2340304,49.3,25.1,14.8,2
2340304,49.3,25.1,14.8,2
2340304,49.3,25.1,14.8,2
2340304,49.3,25.1,14.8,2
2340304,38.1,21.9,26.8,2
2340304,27.5,37,36,2
2340304,36,15.5,14.5,2
2340304,31.5,24.5,23.1,2
2340304,45.5,27.5,25,1
2340304,49.3,25.1,14.8,2
2340304,19.3,12.3,11.4,2
2340304,19.3,12.3,11.4,2
2340304,26,15.8,13,2
2340304,26,15.8,13,2
2340304,55.4,30.2,37.4,2
2340304,19.5,14.5,23,2
2340304,27.5,37,36,2
2340307,27.5,37,36,2
2340307,27.5,37,36,2
2340307,49.3,25.1,14.8,2
2340307,26,15.8,13,2
2340307,45.5,27.5,25,1
2340307,49.3,25.1,14.8,2
2340307,22.5,20.6,21.5,2
2340307,21.5,12.5,15.5,2
2340307,24.5,22.5,21,2
2340307,29,37.5,30.5,2
2340307,29.5,22,17,2
2340307,18,14,13.5,2
2340307,27.5,14.4,18.5,2
2340307,27.5,14.4,18.5,2
2340307,49.3,25.1,14.8,2
2340307,33.4,21.4,17,2
2340307,22.5,20.6,21.5,2
2340307,38.2,27.5,11,2
2340307,38.2,27.5,11,2
2340307,38.2,27.5,11,2
2340307,38.2,27.5,11,2
2340307,21.5,12.5,15.5,2
2340307,39.5,22.5,31.9,2
2340307,18.5,14.3,11.7,2
2340307,29.5,22,17,2
2340307,29.5,22,17,2
2340307,18,14,13.5,2
2340307,22,14,13.2,2
2340307,18,14,13.5,2
2340307,49.3,25.1,14.8,2
2340307,22.5,20.6,21.5,2
2340307,22.5,20.6,21.5,2
2340307,22.5,20.6,21.5,2
2340307,20.7,13.7,20.9,2
2340307,26,15.8,13,2
2340307,23,13.7,21.7,2
2340307,49.3,25.1,14.8,2
2340307,19.2,18.9,24.8,2
2340307,19.2,18.9,24.8,2
2340307,19.5,14.6,13.7,2
2340307,27.5,37,36,2
2340307,38,29.9,10.6,2
2340307,21,18.4,23.4,2
2340307,26,15.8,13,2
2340307,26,15.8,13,2
2340307,40.4,27.2,30.4,2
2340307,31.5,24.5,23.1,2
2340307,25.7,14.5,11.9,2
2340307,25.7,14.5,11.9,2
2340307,18,14,13.5,2
2340307,45.6,29.5,19.3,2
2340307,44.5,29.5,33.7,2
2340307,18,14,13.5,2
2340307,18,14,13.5,2
2340307,45.6,29.5,19.3,2
2340307,42.2,40.5,28.3,2
2340307,42.2,40.5,28.3,2
2340307,41.8,27.3,13,2
2340307,27.5,37,36,2
2340307,27.5,37,36,2
2340307,27.5,37,36,2
2340307,15.5,14.4,17.7,2
2340307,18,13.6,12.6,2
2340307,45.6,29.5,19.3,2
2340307,36,15.5,14.5,2
2340307,36,15.5,14.5,2
2340307,18.9,13.4,12.6,2
2340307,18.9,13.4,12.6,2
2340307,49.3,25.1,14.8,2
2340307,49.3,25.1,14.8,2
2340307,26,15.8,13,2
2340307,26,15.8,13,2
2340307,27,15,16.5,2
2340307,27.5,14.4,18.5,2
2340312,26,15.8,13,2
2340312,22.5,20.6,21.5,2
2340312,44.2,29.1,11,2
2340312,27.6,13.9,12.5,2
2340312,27.6,13.9,12.5,2
2340312,49.3,25.1,14.8,2
2340312,49.3,25.1,14.8,2
2340312,26,15.8,13,2
2340312,47.7,25.6,35.7,2
2340312,47.7,25.6,35.7,2
2340312,47.7,25.6,35.7,2
2340312,47.7,25.6,35.7,2
2340312,45.6,29.5,19.3,2
2340312,45.6,29.5,19.3,2
2340312,41.8,27.3,13,2
2340312,41.8,27.3,13,2
2340312,19.2,18.9,24.8,2
2340312,22.5,20.6,21.5,2
2340312,19.3,12.3,11.4,2
2340312,49.3,25.1,14.8,2
2340312,49.3,25.1,14.8,2
2340312,49.3,25.1,14.8,2
2340312,49.3,25.1,14.8,2
2340312,49.3,25.1,14.8,2
2340312,19.3,12.3,11.4,2
2340312,19.3,12.3,11.4,2
2340312,19.3,12.3,11.4,2
2340312,49.3,25.1,14.8,2
2340312,21,18.4,23.4,2
2340312,21,18.4,23.4,2
2340312,21,18.4,23.4,2
2340312,22.5,20.6,21.5,2
2340312,43.5,32.6,19.9,2
2340312,18,14,13.5,2
2340312,43.9,29.9,25.8,2
2340312,43.9,29.9,25.8,2
2340312,43.9,29.9,25.8,2
2340312,40.5,32.9,28.1,2
2340312,17.4,13,13.9,2
2340312,17.4,13,13.9,2
2340312,17.4,13,13.9,2
2340312,17.4,13,13.9,2
2340312,34.3,30.5,24.1,2
2340312,34.3,30.5,24.1,2
2340312,34.3,30.5,24.1,2
2340312,34.3,30.5,24.1,2
2340312,34.3,30.5,24.1,2
2340312,43.9,29.9,25.8,2
2340312,37,30,30,2
2340312,44.2,29.1,11,2
2340312,26,15.8,13,2
2340312,24.5,19.8,16,2
2340312,24.5,19.8,16,2
2340312,27.6,13.9,12.5,2
2340312,27.6,13.9,12.5,2
2340312,45.5,27.5,25,1
2340312,45.5,27.5,25,1
2340312,45.5,27.5,18,1
2340312,45.5,27.5,18,1
2340312,45.5,27.5,25,1
2340312,45.5,27.5,25,1
2340312,45.5,27.5,18,1
2340312,45.5,27.5,25,1
2340312,45.5,27.5,25,1
2340312,45.5,27.5,25,1
2340312,45.5,27.5,18,1
2340312,45.5,27.5,25,1
2340312,45.5,27.5,18,1
2340312,45.5,27.5,25,1
2340312,45.5,27.5,18,1
2340312,45.5,27.5,18,1
2340312,45.5,27.5,25,1
2340312,45.5,27.5,25,1
2340312,45.5,27.5,25,1
2340315,45.5,27.5,18,1
2340315,45.5,27.5,25,1
2340315,45.5,27.5,18,1
2340315,45.5,27.5,18,1
2340315,45.5,27.5,25,1
2340315,45.5,27.5,18,1
2340315,45.5,27.5,18,1
2340315,45.5,27.5,25,1
2340315,45.5,27.5,18,1
2340315,45.5,27.5,18,1
2340315,45.5,27.5,25,1
2340315,45.5,27.5,18,1
2340315,45.5,27.5,18,1
2340315,45.5,27.5,18,1
2340315,45.5,27.5,25,1
2340315,45.5,27.5,25,1
2340315,45.5,27.5,25,1
2340315,45.5,27.5,25,1
2340315,45.5,27.5,18,1
2340315,45.5,27.5,18,1
2340315,45.5,27.5,18,1
2340315,45.5,27.5,18,1
2340315,45.5,27.5,25,1
2340315,45.5,27.5,18,1
2340315,45.5,27.5,25,1
2340315,45.5,27.5,25,1
2340315,45.5,27.5,25,1
2340315,45.5,27.5,25,1
2340315,50,30,28,0
2340315,45.5,27.5,18,1
2340315,50,30,28,0
2340315,53.2,25,30,2
2340315,50,30,18,0
2340315,14,9.7,19.7,2
2340315,50,30,28,0
2340315,37,30,30,2
2340315,19.2,18.9,24.8,2
2340315,50,30,28,0
2340315,45.5,27.5,18,1
2340315,19.2,18.9,24.8,2
2340315,50,30,28,0
2340315,45.5,27.5,18,1
2340315,45.5,27.5,25,1
2340315,48,39.6,41.7,2
2340315,50,30,18,0
2340315,26,15.8,13,2
2340315,26,15.8,13,2
2340315,37,30,30,2
2340315,37,30,30,2
2340315,26,15.8,13,2
2340315,45.5,27.5,18,1
2340315,35,13.2,19.2,2
2340315,47.7,29.3,34.9,2
2340315,41.8,27.3,13,2
2340315,41.8,27.3,13,2
2340315,45.5,27.5,25,1
2340315,41.8,27.3,13,2
2340315,42.4,35.7,21.8,2
2340315,45.5,27.5,25,1
2340315,45.5,27.5,25,1
2340315,42.4,35.7,21.8,2
2340315,47.7,25.6,35.7,2
2340315,45.5,27.5,25,1
2340315,50,30,28,0
2340315,45.5,27.5,25,1
2340315,47.7,25.6,35.7,2
2340315,46.9,31.5,20.7,2
2340315,14.5,13,23.5,2
2340315,50,30,18,0
2340315,45.5,27.5,25,1
2340315,22.5,20.6,21.5,2
2340315,22.5,20.6,21.5,2
2340315,50,30,28,0
2340315,45.5,27.5,25,1
2340318,22.5,20.6,21.5,2
2340318,22.5,20.6,21.5,2
2340318,22.5,20.6,21.5,2
2340318,41.8,27.3,13,2
2340318,34,22.6,15.5,2
2340318,34,24,21.6,2
2340318,34,24,21.6,2
2340318,49.3,25.1,14.8,2
2340318,42.1,27.3,30,2
2340318,42.1,27.3,30,2
2340318,28.7,18,15.1,2
2340318,19.2,18.9,24.8,2
2340318,41.8,27.3,13,2
2340318,41.8,27.3,13,2
2340318,41.8,27.3,13,2
2340318,23,17.3,16.3,2
2340318,23,17.3,16.3,2
2340318,37.6,16.6,18,2
2340318,19.2,18.9,24.8,2
2340318,34,22.6,15.5,2
2340318,19.2,18.9,24.8,2
2340318,19.2,18.9,24.8,2
2340318,47.7,25.6,35.7,2
2340318,29.5,22,17,2
2340318,42.4,35.7,21.8,2
2340318,42.4,35.7,21.8,2
2340318,34.3,30.5,24.1,2
2340318,38.9,26.6,22,2
2340318,38.9,26.6,22,2
2340318,41.8,27.3,13,2
2340318,37,30,30,2
2340318,47.7,25.6,35.7,2
2340318,15.4,14.6,16,2
2340318,15.4,14.6,16,2
2340318,15.4,14.6,16,2
2340318,41.8,27.3,13,2
2340318,41.8,27.3,13,2
2340318,41.8,27.3,13,2
2340318,15.4,14.6,16,2
2340318,26,15.8,13,2
2340318,26,15.8,13,2
2340318,24.5,14.5,12.5,2
2340318,24.5,14.5,12.5,2
2340318,24.5,14.5,12.5,2
2340318,49.3,25.1,14.8,2
2340318,49.3,25.1,14.8,2
2340318,49.3,25.1,14.8,2
2340318,14.5,13,23.5,2
2340318,49.3,25.1,14.8,2
2340318,28.7,18,15.1,2
2340318,37,30,30,2
2340318,38.2,23,23.3,2
2340318,47.7,25.6,35.7,2
2340318,36,26.9,25,2
2340318,36,26.9,25,2
2340318,48,39.6,41.7,2
2340318,19.2,18.9,24.8,2
2340318,19.2,18.9,24.8,2
2340318,47.5,23.5,22.7,2
2340318,35,13.2,19.2,2
2340318,47.7,25.6,35.7,2
2340318,19.2,18.9,24.8,2
2340318,19.2,18.9,24.8,2
2340318,38.9,26.6,22,2
2340318,43.9,29.9,25.8,2
2340318,43.9,29.9,25.8,2
2340318,43.9,29.9,25.8,2
2340318,49.3,25.1,14.8,2
2340318,52.3,22,33,2
2340318,47.7,25.6,35.7,2
2340318,47.7,25.6,35.7,2
2340318,47.7,25.6,35.7,2
2340318,45.5,27.5,18,1
2340318,49.3,25.1,14.8,2
2340333,45.5,27.5,25,1
2340333,34,24.5,18,2
2340333,50,30,18,0
2340333,37,30,30,2
2340333,38.9,26.6,22,2
2340333,21.5,15.5,23.2,2
2340333,19.2,18.9,24.8,2
2340333,45.5,27.5,25,1
2340333,19.2,18.9,24.8,2
2340333,19.2,18.9,24.8,2
2340333,19.2,18.9,24.8,2
2340333,19.2,18.9,24.8,2
2340333,19.2,18.9,24.8,2
2340333,19.2,18.9,24.8,2
2340333,49.3,25.1,14.8,2
2340333,43.9,29.9,25.8,2
2340333,14,9.7,19.7,2
2340333,50,30,28,0
2340333,34,22.6,15.5,2
2340333,50,30,28,0
2340333,45.5,27.5,25,1
2340333,33.5,20.4,12.6,2
2340333,18.5,14,20.9,2
2340333,41.8,27.3,13,2
2340333,50,30,18,0
2340333,22.4,21.2,22.5,2
2340333,42.4,35.7,21.8,2
2340333,33.4,20.9,9.3,2
2340333,33.4,20.9,9.3,2
2340333,36,15.5,14.5,2
2340333,50,30,28,0
2340333,50,30,28,0
2340333,45.5,27.5,25,1
2340333,50,30,28,0
2340333,50,30,28,0
2340333,50,30,28,0
2340333,45.5,27.5,25,1
2340333,45.5,27.5,25,1
2340333,45.5,27.5,18,1
2340333,50,30,28,0
2340333,50,30,28,0
2340333,50,30,28,0
2340333,50,30,18,0
2340333,45.5,27.5,25,1
2340333,50,30,28,0
2340333,50,30,28,0
2340333,45.5,27.5,18,1
2340333,50,30,28,0
2340333,50,30,28,0
2340333,45.5,27.5,25,1
2340333,45.5,27.5,25,1
2340333,50,30,28,0
2340333,50,30,28,0
2340333,50,30,28,0
2340333,50,30,28,0
2340333,50,30,28,0
2340333,50,30,18,0
2340333,50,30,28,0
2340333,45.5,27.5,18,1
2340333,50,30,28,0
2340333,34,24.5,18,2
2340333,45.5,27.5,25,1
2340333,50,30,18,0
2340333,50,30,28,0
2340333,50,30,18,0
2340333,36,15.5,14.5,2
2340333,50,30,28,0
2340333,50,30,28,0
2340333,50,30,28,0
2340333,45.5,27.5,18,1
2340333,50,30,18,0
2340333,50,30,28,0
2340333,50,30,28,0
2340333,45.5,27.5,25,1
2340338,45.5,27.5,25,1
2340338,45.5,27.5,25,1
2340338,50,30,28,0
2340338,21.5,12.5,15.5,2
2340338,50,30,28,0
2340338,50,30,28,0
2340338,50,30,28,0
2340338,50,30,28,0
2340338,50,30,28,0
2340338,50,30,18,0
2340338,50,30,28,0
2340338,50,30,18,0
2340338,45.5,27.5,18,1
2340338,50,30,28,0
2340338,50,30,18,0
2340338,50,30,28,0
2340338,50,30,18,0
2340338,50,30,28,0
2340338,50,30,28,0
2340338,45.5,27.5,25,1
2340338,50,30,28,0
2340338,21.5,12.5,15.5,2
2340338,42.4,35.7,21.8,2
2340338,45.5,27.5,25,1
2340338,42.4,35.7,21.8,2
2340338,42.4,35.7,21.8,2
2340338,39.5,22.5,31.9,2
2340338,39.5,22.5,31.9,2
2340338,22.5,20.6,21.5,2
2340338,35,13.2,19.2,2
2340338,35,13.2,19.2,2
2340338,24.5,19.8,16,2
2340338,36,15.5,14.5,2
2340338,45.5,27.5,18,1
2340338,39.5,22.5,31.9,2
2340338,21.5,12.5,15.5,2
2340338,21.5,12.5,15.5,2
2340338,41.6,33,17.9,2
2340338,34,24.5,18,2
2340338,13.5,11.3,20.6,2
2340338,22.5,20.6,21.5,2
2340338,36,15.5,14.5,2
2340338,22.5,20.6,21.5,2
2340338,18.8,18,22.3,2
2340338,42.9,29,8.5,2
2340338,36,15.5,14.5,2
2340338,45.5,27.5,25,1
2340338,42.9,29,8.5,2
2340338,45.5,27.5,25,1
2340338,36,15.5,14.5,2
2340338,24.5,22.5,21,2
2340338,42,28.5,33.5,2
2340338,42,28.5,33.5,2
2340338,42,28.5,33.5,2
2340338,42,28.5,33.5,2
2340338,42,28.5,33.5,2
2340338,36,15.5,14.5,2
2340338,42.9,29,8.5,2
2340338,42.9,29,8.5,2
2340338,36,15.5,14.5,2
2340338,32.1,25.6,20.7,2
2340338,32.1,25.6,20.7,2
2340338,42.4,35.7,21.8,2
2340338,27,15,16.5,2
2340338,45.6,29.5,19.3,2
2340338,27,15,16.5,2
2340338,39.5,22.5,31.9,2
2340338,42.9,29,8.5,2
2340338,22.5,20.6,21.5,2
2340338,13.5,11.3,20.6,2
2340338,13.5,11.3,20.6,2
2340338,13.5,11.3,20.6,2
2340338,37,30,30,2
2340338,42.9,29,8.5,2
2340343,42.9,29,8.5,2
2340343,39.5,22.5,31.9,2
2340343,21,18.4,23.4,2
2340343,21,18.4,23.4,2
2340343,22.5,20.6,21.5,2
2340343,53.2,25,30,2
2340343,42.9,29,8.5,2
2340343,36,15.5,14.5,2
2340343,36,15.5,14.5,2
2340343,36,15.5,14.5,2
2340343,45.5,27.5,25,1
2340343,15.4,14.6,16,2
2340343,45.5,27.5,18,1
2340343,45.5,27.5,25,1
2340343,50,30,28,0
2340343,45.5,27.5,25,1
2340343,45.5,27.5,25,1
2340343,50,30,28,0
2340343,45.5,27.5,18,1
2340343,26,15.8,13,2
2340343,26,15.8,13,2
2340343,45.5,27.5,25,1
2340343,45.5,27.5,25,1
2340343,45.5,27.5,18,1
2340343,33.7,25.3,21.6,2
2340343,45.5,27.5,25,1
2340343,45.5,27.5,25,1
2340343,45.5,27.5,25,1
2340343,45.5,27.5,25,1
2340343,16.7,13.5,22,2
2340343,19.2,18.9,24.8,2
2340343,32,42,26.5,2
2340343,45.5,27.5,18,1
2340343,45.5,27.5,18,1
2340343,45.5,27.5,25,1
2340343,45.5,27.5,25,1
2340343,45.5,27.5,25,1
2340343,45.5,27.5,25,1
2340343,35,28,18,2
2340343,35,28,18,2
2340343,23.2,15.4,24.2,2
2340343,28.7,18,15.1,2
2340343,28.7,18,15.1,2
2340343,45.5,27.5,18,1
2340343,45.5,27.5,25,1
2340343,26,15.8,13,2
2340343,45.5,27.5,25,1
2340343,26,15.8,13,2
2340343,23.5,16.1,10.2,2
2340343,42.7,32,27.1,2
2340343,45.5,27.5,25,1
2340343,49.3,25.1,14.8,2
2340343,45.5,27.5,25,1
2340343,21.5,15.8,23.3,2
2340343,29.5,22,17,2
2340343,45.5,27.5,25,1
2340343,34,24.5,18,2
2340343,45.5,27.5,25,1
2340343,45.5,27.5,18,1
2340343,45.5,27.5,18,1
2340343,45.5,27.5,25,1
2340343,50,30,28,0
2340343,45.5,27.5,25,1
2340343,45.5,27.5,18,1
2340343,50,30,18,0
2340343,45.5,27.5,25,1
2340343,45.5,27.5,18,1
2340343,50,30,18,0
2340343,50,30,28,0
2340343,41.8,27.3,13,2
2340343,50,30,28,0
2340343,50,30,28,0
2340343,45.5,27.5,18,1
2340343,45.5,27.5,18,1
2340360,50,30,18,0
2340360,50,30,28,0
2340360,45.5,27.5,18,1
2340360,45.5,27.5,25,1
2340360,45.5,27.5,18,1
2340360,50,30,28,0
2340360,22.6,14.4,8.5,2
2340360,26,15.8,13,2
2340360,50,30,18,0
2340360,26,15.8,13,2
2340360,45.5,27.5,25,1
2340360,45.5,27.5,25,1
2340360,50,30,18,0
2340360,26,15.8,13,2
2340360,50,30,28,0
2340360,45.5,27.5,18,1
2340360,26,15.8,13,2
2340360,50,30,28,0
2340360,50,30,18,0
2340360,45.5,27.5,25,1
2340360,50,30,28,0
2340360,50,30,28,0
2340360,50,30,18,0
2340360,45.5,27.5,25,1
2340360,50,30,28,0
2340360,22.8,12.8,13.2,2
2340360,50,30,28,0
2340360,45.5,27.5,25,1
2340360,41.5,22.5,17.6,2
2340360,45.5,27.5,18,1
2340360,50,30,18,0
2340360,23.5,16.1,10.2,2
2340360,43.9,29.9,25.8,2
2340360,45.5,27.5,18,1
2340360,45.5,27.5,18,1
2340360,45.5,27.5,25,1
2340360,27,15,16.5,2
2340360,45.5,27.5,18,1
2340360,45.5,27.5,25,1
2340360,36,26.9,25,2
2340360,50,30,28,0
2340360,36,26.9,25,2
2340360,36,26.9,25,2
2340360,49.3,25.1,14.8,2
2340360,45.5,27.5,18,1
2340360,49.3,25.1,14.8,2
2340360,45.5,27.5,25,1
2340360,45.5,27.5,18,1
2340360,49.3,25.1,14.8,2
2340360,37,30,30,2
2340360,50,30,28,0
2340360,50,30,28,0
2340360,50,30,28,0
2340360,50,30,18,0
2340360,27.5,37,36,2
2340360,22.6,14.4,8.5,2
2340360,21.5,12.5,15.5,2
2340360,45.5,27.5,25,1
2340360,37,30,30,2
2340360,36,15.5,14.5,2
2340360,27,15,16.5,2
2340360,45.5,27.5,18,1
2340360,22.5,20.6,21.5,2
2340360,26,15.8,13,2
2340360,41.5,22.5,17.6,2
2340360,45.5,27.5,18,1
2340360,50,30,28,0
2340360,41.5,22.5,17.6,2
2340360,26,15.8,13,2
2340360,45.5,27.5,25,1
2340360,50,30,28,0
2340360,26,15.8,13,2
2340360,24.5,19.8,16,2
2340360,29,37.5,30.5,2
2340365,21.5,12.5,15.5,2
2340365,45.5,27.5,18,1
2340365,41.8,27.3,13,2
2340365,41.8,27.3,13,2
2340365,41.8,27.3,13,2
2340365,41.8,27.3,13,2
2340365,19.7,16.5,13.2,2
2340365,49.3,25.1,14.8,2
2340365,28.7,18,15.1,2
2340365,28.7,18,15.1,2
2340365,50,30,28,0
2340365,45.5,27.5,18,1
2340365,27,15,16.5,2
2340365,42.4,27.2,32.7,2
2340365,50,30,28,0
2340365,15.1,12,23.7,2
2340365,45.5,27.5,25,1
2340365,45.5,27.5,25,1
2340365,45.5,27.5,18,1
2340365,42.4,35.7,21.8,2
2340365,45.5,27.5,25,1
2340365,26.7,16.8,29.9,2
2340365,45.5,27.5,25,1
2340365,29.5,22,17,2
2340365,29.5,22,17,2
2340365,45.5,27.5,18,1
2340365,45.5,27.5,25,1
2340365,29.5,22,17,2
2340365,44.5,29.5,33.7,2
2340365,25.2,24,23.5,2
2340365,21.5,12.5,15.5,2
2340365,33.9,25.4,12.5,2
2340365,50,30,18,0
2340365,49.3,25.1,14.8,2
2340365,45.5,27.5,25,1
2340365,45.5,27.5,25,1
2340365,32.3,21.5,29.6,2
2340365,26,15.8,13,2
2340365,26,15.8,13,2
2340365,26,15.8,13,2
2340365,26,15.8,13,2
2340365,28.7,18,15.1,2
2340365,28.7,18,15.1,2
2340365,34,24,21.6,2
2340365,45.5,27.5,25,1
2340365,34,24,21.6,2
2340365,37,30,30,2
2340365,28.7,18,15.1,2
2340365,58.2,33.4,38.3,2
2340365,58.2,33.4,38.3,2
2340365,41.8,27.3,13,2
2340365,50,30,28,0
2340365,45.5,27.5,18,1
2340365,50,30,28,0
2340365,45.5,27.5,25,1
2340365,50,30,18,0
2340365,50,30,28,0
2340365,50,30,28,0
2340365,45.5,27.5,25,1
2340365,45.5,27.5,25,1
2340365,45.5,27.5,18,1
2340365,50,30,18,0
2340365,50,30,28,0
2340365,50,30,28,0
2340365,45.5,27.5,18,1
2340365,50,30,28,0
2340365,50,30,28,0
2340365,50,30,28,0
2340365,45.5,27.5,25,1
2340365,50,30,28,0
2340365,50,30,28,0
2340365,50,30,28,0
2340365,50,30,18,0
2340365,45.5,27.5,25,1
2340373,50,30,28,0
2340373,45.5,27.5,25,1
2340373,19.1,16.6,13,2
2340373,45.5,27.5,18,1
2340373,50,30,18,0
2340373,50,30,28,0
2340373,50,30,28,0
2340373,50,30,18,0
2340373,50,30,28,0
2340373,50,30,28,0
2340373,50,30,28,0
2340373,45.5,27.5,25,1
2340373,50,30,18,0
2340373,50,30,28,0
2340373,49.3,25.1,14.8,2
2340373,45.5,27.5,25,1
2340373,45.5,27.5,25,1
2340373,50,30,28,0
2340373,50,30,28,0
2340373,45.5,27.5,25,1
2340373,28.2,23.8,12.3,2
2340373,50,30,28,0
2340373,50,30,18,0
2340373,50,30,28,0
2340373,45.5,27.5,18,1
2340373,45.5,27.5,25,1
2340373,50,30,28,0
2340373,45.5,27.5,25,1
2340373,50,30,28,0
2340373,45.5,27.5,25,1
2340373,50,30,28,0
2340373,45.5,27.5,25,1
2340373,45.5,27.5,25,1
2340373,45.5,27.5,18,1
2340373,45.5,27.5,18,1
2340373,45.5,27.5,25,1
2340373,45.5,27.5,25,1
2340373,44.2,29.1,11,2
2340373,44.2,29.1,11,2
2340373,50,30,18,0
2340373,28.7,18,15.1,2
2340373,45.5,27.5,18,1
2340373,49.3,25.1,14.8,2
2340373,45.5,27.5,18,1
2340373,50,30,28,0
2340373,45.5,27.5,25,1
2340373,45.5,27.5,25,1
2340373,28.7,18,15.1,2
2340373,28.7,18,15.1,2
2340373,50,30,28,0
2340373,45.5,27.5,25,1
2340373,45.5,27.5,25,1
2340373,23,13.7,21.7,2
2340373,45.5,27.5,18,1
2340373,23,13.7,21.7,2
2340373,41.8,27.3,13,2
2340373,45.5,27.5,18,1
2340373,24.5,19.8,16,2
2340373,45.5,27.5,18,1
2340373,45.5,27.5,25,1
2340373,21.6,15.6,22.5,2
2340373,35.3,24.7,33.8,2
2340373,35.3,24.7,33.8,2
2340373,45.5,27.5,25,1
2340373,45.5,27.5,18,1
2340373,45.5,27.5,25,1
2340373,35.3,24.7,33.8,2
2340373,34,24.5,18,2
2340373,34,24.5,18,2
2340373,15.5,14.4,17.7,2
2340373,19.1,16.6,13,2
2340373,28.2,23.8,12.3,2
2340373,45.5,27.5,18,1
2340373,45.5,27.5,25,1
2340376,45.5,27.5,18,1
2340376,45.5,27.5,25,1
2340376,45.5,27.5,18,1
2340376,35.4,23.5,12.2,2
2340376,50.3,28.1,33.3,2
2340376,50,30,28,0
2340376,45.5,27.5,25,1
2340376,45.5,27.5,25,1
2340376,49.3,25.1,14.8,2
2340376,49.3,25.1,14.8,2
2340376,44.5,29.5,33.7,2
2340376,44.5,29.5,33.7,2
2340376,46.9,31.5,20.7,2
2340376,50,30,28,0
2340376,50,30,18,0
2340376,44.5,29.5,33.7,2
2340376,44.5,29.5,33.7,2
2340376,45.5,27.5,25,1
2340376,36,15.5,14.5,2
2340376,36,15.5,14.5,2
2340376,45.5,27.5,25,1
2340376,49.3,25.1,14.8,2
2340376,44.5,29.5,33.7,2
2340376,50.3,28.1,33.3,2
2340376,7.5,17.5,27.5,2
2340376,45.5,27.5,25,1
2340376,36,15.5,14.5,2
2340376,19.1,17.7,14.5,2
2340376,46.9,31.5,20.7,2
2340376,53.2,25,30,2
2340376,49.3,25.1,14.8,2
2340376,49.3,25.1,14.8,2
2340376,44.5,29.5,33.7,2
2340376,20,11.6,12.7,2
2340376,49.3,25.1,14.8,2
2340376,24,15.2,21.9,2
2340376,20.9,14.9,13.5,2
2340376,22.4,21.2,22.5,2
2340376,25.2,24,23.5,2
2340376,44.5,29.5,33.7,2
2340376,28.7,18,15.1,2
2340376,44.5,29.5,33.7,2
2340376,44.5,29.5,33.7,2
2340376,35.3,24.7,33.8,2
2340376,35.3,24.7,33.8,2
2340376,44.5,29.5,33.7,2
2340376,52.3,22,33,2
2340376,49.3,25.1,14.8,2
2340376,39.3,33.5,24.2,2
2340376,39.3,33.5,24.2,2
2340376,42.4,27.2,32.7,2
2340376,50.3,28.1,33.3,2
2340376,50.3,28.1,33.3,2
2340376,24,15.2,21.9,2
2340376,42.4,27.2,32.7,2
2340376,22.5,20.6,21.5,2
2340376,22.5,20.6,21.5,2
2340376,28.7,18,15.1,2
2340376,28.7,18,15.1,2
2340376,44.2,29.1,11,2
2340376,24,15.2,21.9,2
2340376,24,15.2,21.9,2
2340376,45.5,27.5,18,1
2340376,43.9,29.9,25.8,2
2340376,25.2,19,10.4,2
2340376,25.2,19,10.4,2
2340376,41.8,27.3,13,2
2340376,12.9,11.3,18,2
2340376,50,30,28,0
2340376,50,30,28,0
2340376,50,30,18,0
2340376,45.5,27.5,25,1
2340376,50,30,28,0
2340376,50,30,18,0
2340387,45.5,27.5,18,1
2340387,50,30,28,0
2340387,45.5,27.5,25,1
2340387,45.5,27.5,18,1
2340387,45.5,27.5,18,1
2340387,50,30,28,0
2340387,45.5,27.5,18,1
2340387,50,30,28,0
2340387,50,30,28,0
2340387,50,30,28,0
2340387,50,30,28,0
2340387,50,30,18,0
2340387,45.5,27.5,18,1
2340387,50,30,18,0
2340387,26,15.8,13,2
2340387,13.5,11.3,20.6,2
2340387,45.5,27.5,25,1
2340387,24.5,19.8,16,2
2340387,45.5,27.5,18,1
2340387,35,13.2,19.2,2
2340387,49.5,22.5,26,2
2340387,49.5,22.5,26,2
2340387,36.5,18.2,11.1,2
2340387,50,30,28,0
2340387,50,30,28,0
2340387,39.6,19.3,29.4,2
2340387,45.5,27.5,25,1
2340387,50,30,18,0
2340387,16.7,13.5,22,2
2340387,50,30,18,0
2340387,45.5,27.5,25,1
2340387,45.5,27.5,25,1
2340387,45.5,27.5,25,1
2340387,45.5,27.5,25,1
2340387,16.7,13.5,22,2
2340387,50,30,28,0
2340387,20.6,15.6,11.5,2
2340387,45.5,27.5,18,1
2340387,50,30,28,0
2340387,38,29.9,10.6,2
2340387,39.5,28.2,38.6,2
2340387,50,30,28,0
2340387,27.5,37,36,2
2340387,45.5,27.5,18,1
2340387,45.5,27.5,25,1
2340387,27.5,37,36,2
2340387,50,30,18,0
2340387,52.3,34.6,28.1,2
2340387,50,30,18,0
2340387,50.3,28.1,33.3,2
2340387,21.5,15.8,23.3,2
2340387,55,26.9,14.9,2
2340387,55,26.9,14.9,2
2340387,25.6,13.5,12.8,2
2340387,25.6,13.5,12.8,2
2340387,12.5,10.6,22,2
2340387,49.3,25.1,14.8,2
2340387,39.5,28.2,38.6,2
2340387,28.7,18,15.1,2
2340387,52.4,43.1,29.7,2
2340387,52.4,43.1,29.7,2
2340387,52.4,43.1,29.7,2
2340387,52.4,43.1,29.7,2
2340387,32,19.5,25,2
2340387,32,19.5,25,2
2340387,38.2,27.5,11,2
2340387,26,15.8,13,2
2340387,26,15.8,13,2
2340387,16.7,13.5,22,2
2340387,16.7,13.5,22,2
2340387,19.2,18.9,24.8,2
2340387,35,28,18,2
2340387,27.5,37,36,2
2340387,44.5,15.7,22.4,2
