PALLET_ID,V_BOX_DEPTH,V_BOX_WIDTH,V_BOX_HEIGHT,TYPE
2388234,0.463424980640411,0.279408484697342,0.299332350492477,3
2388234,0.308283597230911,0.246738150715828,0.181821450591087,3
2388234,0.2317233979702,0.230719581246376,0.220182046294212,3
2388234,0.455972075462341,0.278780817985535,0.293435484170914,3
2388234,0.27943217754364,0.215911164879799,0.149116992950439,3
2388234,0.181511983275414,0.163537189364433,0.137558773159981,3
2388234,0.183507576584816,0.171001181006432,0.134651228785515,3
2388234,0.508058428764343,0.272192358970642,0.349161088466644,3
2388234,0.300346493721008,0.230519160628319,0.109213560819626,3
2388234,0.584933161735535,0.302832454442978,0.386691361665726,3
2388234,0.393591225147247,0.164388120174408,0.171070516109467,3
2388234,0.453638046979904,0.336271286010742,0.135329514741898,3
2388234,0.300883948802948,0.243419095873833,0.177821695804596,3
2388234,0.22558282315731,0.215351805090904,0.139343410730362,3
2388234,0.220802053809166,0.192600563168526,0.237916052341461,3
2388234,0.232053592801094,0.224524095654488,0.208240985870361,3
2388234,0.414001703262329,0.15660297870636,0.193374991416931,3
2388234,0.204725816845894,0.189740598201752,0.205449625849724,3
2388234,0.226391151547432,0.22422830760479,0.20538055896759,3
2388234,0.228757828474045,0.221859559416771,0.215189829468727,3
2388234,0.271645605564117,0.216808423399925,0.161068513989449,3
2388234,0.272503018379211,0.210852429270744,0.15824231505394,3
2388234,0.40780782699585,0.157155022025108,0.19655467569828,3
2388234,0.229258432984352,0.157899841666222,0.179622039198875,3
2388234,0.228730499744415,0.228729054331779,0.219950512051582,3
2388234,0.181048557162285,0.177730843424797,0.135863229632378,3
2388234,0.226529017090797,0.150225326418877,0.192955836653709,3
2388234,0.235239192843437,0.222202584147453,0.141068145632744,3
2388234,0.202712193131447,0.137672156095505,0.107672676444054,3
2388234,0.221918150782585,0.15206004679203,0.190581157803535,3
2388234,0.227241232991219,0.210881277918816,0.244440421462059,3
2388234,0.193527266383171,0.140990450978279,0.107480734586716,3
2388239,0.40007683634758,0.282049655914307,0.156687125563622,3
2388239,0.33266282081604,0.183759763836861,0.131048947572708,3
2388239,0.327949106693268,0.181033954024315,0.13119250535965,3
2388239,0.331919699907303,0.181293815374374,0.138694614171982,3
2388239,0.331161499023437,0.177664443850517,0.130701795220375,3
2388239,0.18520624935627,0.168523743748665,0.129545450210571,3
2388239,0.245174452662468,0.165725901722908,0.14948844909668,3
2388239,0.396302044391632,0.310639142990112,0.188314706087112,3
2388239,0.16852767765522,0.130105972290039,0.178707808256149,3
2388239,0.179611250758171,0.169165566563606,0.147488757967949,3
2388239,0.380362659692764,0.258319079875946,0.0722390860319138,3
2388239,0.186590567231178,0.170701041817665,0.130203559994698,3
2388239,0.183437958359718,0.17213799059391,0.142794147133827,3
2388239,0.181966945528984,0.162984743714333,0.150986060500145,3
2388239,0.5,0.300000011920929,0.150000005960464,1
2388239,0.5,0.300000011920929,0.170000001788139,1
2388239,0.5,0.300000011920929,0.170000001788139,1
2388239,0.5,0.300000011920929,0.170000001788139,1
2388239,0.5,0.300000011920929,0.180000007152557,1
2388239,0.5,0.300000011920929,0.170000001788139,1
2388239,0.5,0.300000011920929,0.170000001788139,1
2388239,0.176450178027153,0.166922956705093,0.140733033418655,3
2388239,0.5,0.300000011920929,0.170000001788139,1
2388239,0.455000013113022,0.275000005960464,0.180000007152557,2
2388239,0.196735545992851,0.11978155374527,0.152658730745316,3
2388239,0.231835305690765,0.154527232050896,0.217538580298424,3
2388239,0.34411209821701,0.146964445710182,0.162517324090004,3
2388239,0.281529247760773,0.189327418804169,0.0932726487517357,3
2388239,0.1827113032341,0.163816675543785,0.147813811898232,3
2388239,0.178673222661018,0.169545859098434,0.127003148198128,3
2388243,0.5,0.300000011920929,0.160000011324883,1
2388243,0.5,0.300000011920929,0.170000001788139,1
2388243,0.5,0.300000011920929,0.170000001788139,1
2388243,0.390557616949081,0.294964700937271,0.274678498506546,3
2388243,0.392768263816833,0.292704522609711,0.222555726766586,3
2388243,0.396343290805817,0.293566584587097,0.242778941988945,3
2388243,0.181778594851494,0.169026985764503,0.104402475059032,3
2388243,0.181100159883499,0.157177731394768,0.110074266791344,3
2388243,0.5,0.300000011920929,0.170000001788139,1
2388243,0.282259255647659,0.187122389674187,0.0882596299052238,3
2388243,0.193664073944092,0.157157406210899,0.199522063136101,3
2388243,0.303997874259949,0.256182581186295,0.202954933047295,3
2388243,0.5,0.300000011920929,0.259999990463257,1
2388243,0.176076620817184,0.169808462262154,0.161500617861748,3
2388243,0.255701035261154,0.207785964012146,0.0736038535833359,3
2388243,0.5,0.300000011920929,0.280000001192093,1
2388243,0.5,0.300000011920929,0.280000001192093,1
2388243,0.5,0.300000011920929,0.25,1
2388243,0.5,0.300000011920929,0.259999990463257,1
2388243,0.5,0.300000011920929,0.270000010728836,1
2388243,0.5,0.300000011920929,0.270000010728836,1
2388243,0.455000013113022,0.275000005960464,0.259999990463257,2
2388243,0.455000013113022,0.275000005960464,0.170000001788139,2
2388243,0.5,0.300000011920929,0.270000010728836,1
2388243,0.455000013113022,0.275000005960464,0.259999990463257,2
2388243,0.455000013113022,0.275000005960464,0.25,2
2388243,0.455000013113022,0.275000005960464,0.259999990463257,2
2388243,0.455000013113022,0.275000005960464,0.28999999165535,2
2388246,0.455000013113022,0.275000005960464,0.180000007152557,2
2388246,0.198988243937492,0.176303014159203,0.144690185785294,3
2388246,0.5,0.300000011920929,0.25,1
2388246,0.455000013113022,0.275000005960464,0.170000001788139,2
2388246,0.455000013113022,0.275000005960464,0.180000007152557,2
2388246,0.5,0.300000011920929,0.270000010728836,1
2388246,0.5,0.300000011920929,0.259999990463257,1
2388246,0.455000013113022,0.275000005960464,0.190000012516975,2
2388246,0.455000013113022,0.275000005960464,0.25,2
2388246,0.455000013113022,0.275000005960464,0.259999990463257,2
2388246,0.455000013113022,0.275000005960464,0.25,2
2388246,0.5,0.300000011920929,0.259999990463257,1
2388246,0.5,0.300000011920929,0.270000010728836,1
2388246,0.455000013113022,0.275000005960464,0.180000007152557,2
2388246,0.455000013113022,0.275000005960464,0.259999990463257,2
2388246,0.455000013113022,0.275000005960464,0.25,2
2388246,0.455000013113022,0.275000005960464,0.25,2
2388246,0.455000013113022,0.275000005960464,0.25,2
2388246,0.5,0.300000011920929,0.259999990463257,1
2388246,0.455000013113022,0.275000005960464,0.25,2
2388246,0.166090488433838,0.156141668558121,0.147924244403839,3
2388246,0.5,0.300000011920929,0.259999990463257,1
2388246,0.455000013113022,0.275000005960464,0.280000001192093,2
2388246,0.455000013113022,0.275000005960464,0.219999998807907,2
2388246,0.455000013113022,0.275000005960464,0.270000010728836,2
2388246,0.455000013113022,0.275000005960464,0.25,2
2388246,0.455000013113022,0.275000005960464,0.239999994635582,2
2388246,0.455000013113022,0.275000005960464,0.270000010728836,2
2388246,0.5,0.300000011920929,0.259999990463257,1
2388246,0.455000013113022,0.275000005960464,0.280000001192093,2
2388246,0.5,0.300000011920929,0.240000009536743,1
2388246,0.455000013113022,0.275000005960464,0.200000002980232,2
2388247,0.5,0.300000011920929,0.25,1
2388247,0.5,0.300000011920929,0.270000010728836,1
2388247,0.5,0.300000011920929,0.259999990463257,1
2388247,0.455000013113022,0.275000005960464,0.259999990463257,2
2388247,0.455000013113022,0.275000005960464,0.259999990463257,2
2388247,0.5,0.300000011920929,0.270000010728836,1
2388247,0.455000013113022,0.275000005960464,0.25,2
2388247,0.455000013113022,0.275000005960464,0.239999994635582,2
2388247,0.5,0.300000011920929,0.259999990463257,1
2388247,0.455000013113022,0.275000005960464,0.170000001788139,2
2388247,0.455000013113022,0.275000005960464,0.280000001192093,2
2388247,0.5,0.300000011920929,0.25,1
2388247,0.5,0.300000011920929,0.259999990463257,1
2388247,0.5,0.300000011920929,0.270000010728836,1
2388247,0.5,0.300000011920929,0.270000010728836,1
2388247,0.5,0.300000011920929,0.259999990463257,1
2388247,0.5,0.300000011920929,0.25,1
2388247,0.455000013113022,0.275000005960464,0.25,2
2388247,0.5,0.300000011920929,0.270000010728836,1
2388247,0.5,0.300000011920929,0.259999990463257,1
2388247,0.455000013113022,0.275000005960464,0.270000010728836,2
2388247,0.5,0.300000011920929,0.270000010728836,1
2388247,0.455000013113022,0.275000005960464,0.25,2
2388247,0.5,0.300000011920929,0.25,1
2388247,0.455000013113022,0.275000005960464,0.170000001788139,2
2388247,0.5,0.300000011920929,0.25,1
2388247,0.5,0.300000011920929,0.270000010728836,1
2388247,0.455000013113022,0.275000005960464,0.259999990463257,2
2388247,0.5,0.300000011920929,0.259999990463257,1
2388247,0.455000013113022,0.275000005960464,0.239999994635582,2
2388247,0.5,0.300000011920929,0.270000010728836,1
2388247,0.455000013113022,0.275000005960464,0.280000001192093,2
2388247,0.455000013113022,0.275000005960464,0.270000010728836,2
2388247,0.455000013113022,0.275000005960464,0.160000011324883,2
2388247,0.194092229008675,0.134510889649391,0.113569341599941,3
2388247,0.340539276599884,0.272486120462418,0.180395692586899,3
2388248,0.455000013113022,0.275000005960464,0.270000010728836,2
2388248,0.455000013113022,0.275000005960464,0.239999994635582,2
2388248,0.455000013113022,0.275000005960464,0.25,2
2388248,0.5,0.300000011920929,0.25,1
2388248,0.5,0.300000011920929,0.270000010728836,1
2388248,0.5,0.300000011920929,0.270000010728836,1
2388248,0.455000013113022,0.275000005960464,0.259999990463257,2
2388248,0.455000013113022,0.275000005960464,0.170000001788139,2
2388248,0.5,0.300000011920929,0.259999990463257,1
2388248,0.455000013113022,0.275000005960464,0.270000010728836,2
2388248,0.5,0.300000011920929,0.259999990463257,1
2388248,0.455000013113022,0.275000005960464,0.259999990463257,2
2388248,0.455000013113022,0.275000005960464,0.180000007152557,2
2388248,0.5,0.300000011920929,0.25,1
2388248,0.455000013113022,0.275000005960464,0.25,2
2388248,0.455000013113022,0.275000005960464,0.170000001788139,2
2388248,0.455000013113022,0.275000005960464,0.270000010728836,2
2388248,0.455000013113022,0.275000005960464,0.160000011324883,2
2388248,0.455000013113022,0.275000005960464,0.180000007152557,2
2388248,0.455000013113022,0.275000005960464,0.180000007152557,2
2388248,0.455000013113022,0.275000005960464,0.180000007152557,2
2388248,0.455000013113022,0.275000005960464,0.180000007152557,2
2388248,0.455000013113022,0.275000005960464,0.180000007152557,2
2388248,0.455000013113022,0.275000005960464,0.280000001192093,2
