TRAN_DATE,TRAN_HOUR,CONTAINER_ID,PALLET_ID,FROM_LOC_ID,V_BOX_DEPTH,V_BOX_WIDTH,V_BOX_HEIGHT,TYPE
2024-06-25,08:06:02,41602,2330159,PL33PR,50.0,30.0,28.0,1
2024-06-25,08:06:03,113666,2330159,PL33PR,50.0,30.0,28.0,1
2024-06-25,08:06:06,1037459,2330159,PL33PR,45.5,27.5,25.0,2
2024-06-25,08:06:07,86869,2330159,PL33PR,50.0,30.0,18.0,1
2024-06-25,08:06:10,96787,2330159,PL33PR,50.0,30.0,28.0,1
2024-06-25,08:06:11,103440,2330159,PL33PR,50.0,30.0,28.0,1
2024-06-25,08:06:14,1037472,2330159,PL33PR,45.5,27.5,18.0,2
2024-06-25,08:06:18,80049,2330159,PL33PR,50.0,30.0,18.0,1
2024-06-25,08:06:24,112560,2330159,PL33PR,50.0,30.0,28.0,1
2024-06-25,08:06:28,83875,2330159,PL33PR,50.0,30.0,18.0,1
2024-06-25,08:06:28,1037458,2330159,PL33PR,45.5,27.5,25.0,2
2024-06-25,08:06:29,1037478,2330159,PL33PR,45.5,27.5,18.0,2
2024-06-25,08:06:36,1037481,2330159,PL33PR,45.5,27.5,18.0,2
2024-06-25,08:06:37,1037492,2330159,PL33PR,45.5,27.5,18.0,2
2024-06-25,08:06:41,78882,2330159,PL33PR,50.0,30.0,28.0,1
2024-06-25,08:06:42,1037480,2330159,PL33PR,45.5,27.5,25.0,2
2024-06-25,08:06:46,72004,2330159,PL33PR,50.0,30.0,28.0,1
2024-06-25,08:06:49,96234,2330159,PL33PR,50.0,30.0,28.0,1
2024-06-25,08:06:50,86682,2330159,PL33PR,50.0,30.0,18.0,1
2024-06-25,08:06:59,105701,2330159,PL33PR,50.0,30.0,18.0,1
2024-06-25,09:06:03,114203,2330159,PL33PR,50.0,30.0,28.0,1
2024-06-25,09:06:03,92412,2330159,PL33PR,50.0,30.0,28.0,1
2024-06-25,09:06:08,113982,2330159,PL33PR,50.0,30.0,28.0,1
2024-06-25,09:06:08,90663,2330159,PL33PR,50.0,30.0,28.0,1
2024-06-25,09:06:18,8345,2330159,PL33PR,50.0,30.0,28.0,1
2024-06-25,09:06:22,89310,2330159,PL33PR,50.0,30.0,18.0,1
2024-06-25,09:06:25,99458,2330159,PL33PR,50.0,30.0,18.0,1
2024-06-25,09:06:26,1037489,2330159,PL33PR,45.5,27.5,25.0,2
2024-06-25,09:06:29,1030044,2330159,PL33PR,45.5,27.5,25.0,2
2024-06-25,09:06:34,1030058,2330159,PL33PR,45.5,27.5,25.0,2
2024-06-25,09:06:47,1030034,2330159,PL33PR,45.5,27.5,18.0,2
2024-06-25,09:06:47,92127,2330159,PL33PR,50.0,30.0,28.0,1
2024-06-25,10:06:01,98427,2330159,PL33PR,50.0,30.0,18.0,1
2024-06-25,10:06:02,115831,2330159,PL33PR,50.0,30.0,28.0,1
2024-06-25,10:06:22,1030080,2330159,PL33PR,45.5,27.5,18.0,2
2024-06-25,10:06:22,1030039,2330159,PL33PR,45.5,27.5,18.0,2
2024-06-25,10:06:32,61262,2330159,PL33PR,50.0,30.0,18.0,1
2024-06-25,10:06:32,1030062,2330159,PL33PR,45.5,27.5,18.0,2
2024-06-25,10:06:32,1030087,2330159,PL33PR,45.5,27.5,18.0,2
2024-06-25,10:06:39,95791,2330159,PL33PR,50.0,30.0,18.0,1
2024-06-25,10:06:39,114007,2330159,PL33PR,50.0,30.0,18.0,1
2024-06-25,10:06:43,115220,2330159,PL33PR,50.0,30.0,28.0,1
2024-06-25,10:06:44,77522,2330159,PL33PR,50.0,30.0,18.0,1
2024-06-25,10:06:57,114594,2330159,PL33PR,50.0,30.0,18.0,1
2024-06-25,10:06:57,50588,2330159,PL33PR,50.0,30.0,18.0,1
2024-06-25,12:06:19,1030304,2330159,PL33PR,45.5,27.5,18.0,2
2024-06-25,12:06:19,1030305,2330159,PL33PR,45.5,27.5,25.0,2
2024-06-25,14:06:00,113963,2330159,PL33PR,50.0,30.0,28.0,1
2024-06-25,15:06:01,55915181,2322202,PL33PR,26.5,20.5,17.0,3
2024-06-25,15:06:02,55915205,2322202,PL33PR,34.2,14.6,16.9,3
2024-06-25,15:06:04,1030657,2322202,PL33PR,45.5,27.5,18.0,2
2024-06-25,15:06:07,55908704,2322202,PL33PR,25.0,18.7,15.8,3
2024-06-25,15:06:08,55908681,2322202,PL33PR,20.8,16.5,22.0,3
2024-06-25,15:06:08,55908698,2322202,PL33PR,25.0,18.7,15.8,3
2024-06-25,15:06:09,55915167,2322202,PL33PR,26.5,20.5,17.0,3
2024-06-25,15:06:11,55915201,2322202,PL33PR,34.2,14.6,16.9,3
2024-06-25,15:06:13,55908701,2322202,PL33PR,25.0,18.7,15.8,3
2024-06-25,15:06:14,100871,2322202,PL33PR,50.0,30.0,28.0,1
2024-06-25,15:06:14,55915207,2322202,PL33PR,34.2,14.6,16.9,3
2024-06-25,15:06:15,89427,2322202,PL33PR,50.0,30.0,28.0,1
2024-06-25,15:06:16,55915172,2322202,PL33PR,26.5,20.5,17.0,3
2024-06-25,15:06:16,55908686,2322202,PL33PR,39.5,26.5,34.0,3
2024-06-25,15:06:16,105491,2322202,PL33PR,50.0,30.0,28.0,1
2024-06-25,15:06:17,55915168,2322202,PL33PR,26.5,20.5,17.0,3
2024-06-25,15:06:17,55908697,2322202,PL33PR,25.0,18.7,15.8,3
2024-06-25,15:06:18,107181,2330159,PL33PR,50.0,30.0,28.0,1
2024-06-25,15:06:19,55908685,2322202,PL33PR,39.5,26.5,34.0,3
2024-06-25,15:06:20,55915174,2322202,PL33PR,26.5,20.5,17.0,3
2024-06-25,15:06:22,55908702,2322202,PL33PR,25.0,18.7,15.8,3
2024-06-25,15:06:23,55915179,2322202,PL33PR,26.5,20.5,17.0,3
2024-06-25,15:06:24,111255,2322202,PL33PR,50.0,30.0,28.0,1
2024-06-25,15:06:25,55915177,2322202,PL33PR,26.5,20.5,17.0,3
2024-06-25,15:06:25,55908703,2322202,PL33PR,25.0,18.7,15.8,3
2024-06-25,15:06:26,55915169,2322202,PL33PR,26.5,20.5,17.0,3
2024-06-25,15:06:26,84038,2322202,PL33PR,50.0,30.0,28.0,1
2024-06-25,15:06:29,55908692,2322202,PL33PR,39.5,26.5,34.0,3
2024-06-25,15:06:29,103184,2322202,PL33PR,50.0,30.0,18.0,1
2024-06-25,15:06:31,55908688,2322202,PL33PR,39.5,26.5,34.0,3
2024-06-25,15:06:33,55915178,2322202,PL33PR,26.5,20.5,17.0,3
2024-06-25,15:06:34,55915186,2322202,PL33PR,49.0,26.0,26.5,3
2024-06-25,15:06:34,55915182,2322202,PL33PR,26.5,20.5,17.0,3
2024-06-25,15:06:34,55915170,2322202,PL33PR,26.5,20.5,17.0,3
2024-06-25,15:06:35,55915208,2322202,PL33PR,34.2,14.6,16.9,3
2024-06-25,15:06:36,55915175,2322202,PL33PR,26.5,20.5,17.0,3
2024-06-25,15:06:37,55915180,2322202,PL33PR,26.5,20.5,17.0,3
2024-06-25,15:06:38,55908684,2322202,PL33PR,39.5,26.5,34.0,3
2024-06-25,15:06:39,55915203,2322202,PL33PR,34.2,14.6,16.9,3
2024-06-25,15:06:41,103320,2322202,PL33PR,50.0,30.0,28.0,1
2024-06-25,15:06:42,55908696,2322202,PL33PR,25.0,18.7,15.8,3
2024-06-25,15:06:43,55915210,2322202,PL33PR,34.2,14.6,16.9,3
2024-06-25,15:06:45,55915176,2322202,PL33PR,26.5,20.5,17.0,3
2024-06-25,15:06:46,1030658,2322202,PL33PR,45.5,27.5,18.0,2
2024-06-25,15:06:46,55915200,2322202,PL33PR,34.2,14.6,16.9,3
2024-06-25,15:06:47,55915171,2322202,PL33PR,26.5,20.5,17.0,3
2024-06-25,15:06:49,55908706,2322202,PL33PR,25.0,18.7,15.8,3
2024-06-25,15:06:50,55915202,2322202,PL33PR,34.2,14.6,16.9,3
2024-06-25,15:06:51,55915209,2322202,PL33PR,34.2,14.6,16.9,3
2024-06-25,15:06:51,55908695,2322202,PL33PR,25.0,18.7,15.8,3
2024-06-25,15:06:52,55908689,2322202,PL33PR,39.5,26.5,34.0,3
2024-06-25,15:06:54,55915173,2322202,PL33PR,26.5,20.5,17.0,3
2024-06-25,15:06:56,1030667,2322202,PL33PR,45.5,27.5,25.0,2
2024-06-25,15:06:56,55908691,2322202,PL33PR,39.5,26.5,34.0,3
2024-06-25,15:06:58,55908690,2322202,PL33PR,39.5,26.5,34.0,3
2024-06-25,15:06:58,55915204,2322202,PL33PR,34.2,14.6,16.9,3
2024-06-25,15:06:58,55908705,2322202,PL33PR,25.0,18.7,15.8,3
2024-06-25,15:06:59,55915166,2322202,PL33PR,26.5,20.5,17.0,3
2024-06-25,15:06:59,55915211,2322202,PL33PR,34.2,14.6,16.9,3
2024-06-25,15:06:59,55908687,2322202,PL33PR,39.5,26.5,34.0,3
2024-06-25,16:06:00,55915194,2322173,PL33PR,34.5,14.5,14.5,3
2024-06-25,16:06:02,82572,2322202,PL33PR,50.0,30.0,28.0,1
2024-06-25,16:06:12,55915191,2322173,PL33PR,34.5,14.5,14.5,3
2024-06-25,16:06:13,55908659,2322202,PL33PR,40.4,26.8,33.6,3
2024-06-25,16:06:18,55908658,2322202,PL33PR,40.4,26.8,33.6,3
2024-06-25,16:06:21,55908599,2322202,PL33PR,40.4,26.8,33.6,3
2024-06-25,16:06:22,55908656,2322202,PL33PR,40.4,26.8,33.6,3
2024-06-25,16:06:22,55908657,2322202,PL33PR,40.4,26.8,33.6,3
2024-06-25,16:06:25,55908661,2322202,PL33PR,40.4,26.8,33.6,3
2024-06-25,16:06:28,55915187,2322173,PL33PR,34.5,14.5,14.5,3
2024-06-25,16:06:28,55915188,2322173,PL33PR,34.5,14.5,14.5,3
2024-06-25,16:06:29,55908639,2322202,PL33PR,42.1,31.4,26.1,3
2024-06-25,16:06:29,55915099,2322202,PL33PR,62.2,40.5,24.6,3
2024-06-25,16:06:29,1030648,2322173,PL33PR,45.5,27.5,18.0,2
2024-06-25,16:06:33,55915117,2322173,PL33PR,34.5,24.3,23.1,3
2024-06-25,16:06:35,55915150,2322173,PL33PR,21.8,19.8,24.2,3
2024-06-25,16:06:35,55915149,2322173,PL33PR,21.8,19.8,24.2,3
2024-06-25,16:06:39,55915192,2322173,PL33PR,34.5,14.5,14.5,3
2024-06-25,16:06:39,55915193,2322173,PL33PR,34.5,14.5,14.5,3
2024-06-25,16:06:40,1030676,2322202,PL33PR,45.5,27.5,25.0,2
2024-06-25,16:06:43,55908663,2322202,PL33PR,40.4,26.8,33.6,3
2024-06-25,16:06:43,55908662,2322202,PL33PR,40.4,26.8,33.6,3
2024-06-25,16:06:45,55908628,2322202,PL33PR,40.4,26.8,33.6,3
2024-06-25,16:06:45,55908612,2322202,PL33PR,40.4,26.8,33.6,3
2024-06-25,16:06:45,55908629,2322202,PL33PR,40.4,26.8,33.6,3
2024-06-25,16:06:46,55908650,2322202,PL33PR,25.9,14.0,13.3,3
2024-06-25,16:06:49,55915190,2322173,PL33PR,34.5,14.5,14.5,3
2024-06-25,16:06:49,55915189,2322173,PL33PR,34.5,14.5,14.5,3
2024-06-25,16:06:49,55908664,2322202,PL33PR,42.1,31.4,26.1,3
2024-06-25,16:06:50,55908693,2322202,PL33PR,17.7,16.0,14.8,3
2024-06-25,16:06:53,55908665,2322202,PL33PR,40.4,26.8,33.6,3
2024-06-25,16:06:53,55908640,2322202,PL33PR,40.4,26.8,33.6,3
2024-06-25,16:06:55,55915195,2322173,PL33PR,34.5,14.5,14.5,3
2024-06-25,16:06:57,55908660,2322202,PL33PR,40.4,26.8,33.6,3
2024-06-25,17:06:00,55915216,2322173,PL33PR,32.0,25.0,22.9,3
2024-06-25,17:06:08,55915222,2322173,PL33PR,32.0,25.0,22.9,3
2024-06-25,17:06:18,1030826,2322173,PL33PR,45.5,27.5,25.0,2
2024-06-25,17:06:20,55915219,2322173,PL33PR,32.0,25.0,22.9,3
2024-06-25,17:06:22,1030830,2322173,PL33PR,45.5,27.5,25.0,2
2024-06-25,17:06:28,55915220,2322173,PL33PR,32.0,25.0,22.9,3
2024-06-25,17:06:31,55915213,2322173,PL33PR,32.0,25.0,22.9,3
2024-06-25,17:06:37,55915221,2322173,PL33PR,32.0,25.0,22.9,3
2024-06-25,17:06:39,55915214,2322173,PL33PR,32.0,25.0,22.9,3
2024-06-25,17:06:40,55915206,2322173,PL33PR,34.2,14.6,16.9,3
2024-06-25,17:06:44,55915196,2322173,PL33PR,34.5,14.5,14.5,3
2024-06-25,17:06:45,55915217,2322173,PL33PR,32.0,25.0,22.9,3
2024-06-25,17:06:52,55915215,2322173,PL33PR,32.0,25.0,22.9,3
2024-06-25,17:06:57,55915218,2322173,PL33PR,32.0,25.0,22.9,3
2024-06-25,18:06:02,55908710,2322173,PL33PR,26.5,20.5,17.0,3
2024-06-25,18:06:02,55908709,2322173,PL33PR,26.5,20.5,17.0,3
2024-06-25,18:06:58,55908711,2322173,PL33PR,26.5,20.5,17.0,3
2024-06-25,19:06:00,55908608,2322173,PL33PR,50.2,25.7,34.4,3
2024-06-25,19:06:09,55908615,2322173,PL33PR,39.5,26.5,34.0,3
2024-06-25,19:06:09,55908638,2322173,PL33PR,30.2,23.2,19.3,3
2024-06-25,19:06:09,55912480,2322173,PL33PR,22.2,22.0,21.9,3
2024-06-25,19:06:09,55908616,2322173,PL33PR,39.5,26.5,34.0,3
2024-06-25,19:06:11,55908682,2322173,PL33PR,16.3,14.6,17.8,3
2024-06-25,19:06:15,55915224,2322173,PL33PR,27.3,21.3,23.8,3
2024-06-25,19:06:19,55908721,2322173,PL33PR,40.7,30.9,20.2,3
2024-06-25,19:06:19,55908636,2322173,PL33PR,25.0,16.4,9.1,3
2024-06-25,19:06:20,55908683,2322173,PL33PR,18.7,13.0,12.0,3
2024-06-25,19:06:26,55908652,2322173,PL33PR,21.8,19.6,24.4,3
2024-06-25,19:06:31,55908609,2322173,PL33PR,23.2,15.0,11.1,3
2024-06-25,19:06:53,55912481,2322173,PL33PR,22.2,22.0,21.9,3
2024-06-25,19:06:55,55908614,2322173,PL33PR,39.5,26.5,34.0,3
2024-06-25,19:06:59,55908667,2322173,PL33PR,16.1,14.1,18.0,3
2024-06-25,20:06:01,55908633,2322173,PL33PR,39.8,26.4,33.8,3
2024-06-25,20:06:02,55908617,2322173,PL33PR,27.0,40.0,35.0,3
2024-06-25,20:06:03,55908676,2322173,PL33PR,27.0,40.0,35.0,3
2024-06-25,20:06:05,55908618,2322173,PL33PR,27.0,40.0,35.0,3
2024-06-25,20:06:06,55908669,2322173,PL33PR,27.0,40.0,35.0,3
2024-06-25,20:06:09,55908647,2322173,PL33PR,39.8,26.4,33.8,3
2024-06-25,20:06:10,55908670,2322173,PL33PR,27.0,40.0,35.0,3
2024-06-25,20:06:14,55908655,2322173,PL33PR,21.1,14.8,17.7,3
2024-06-25,20:06:22,55908624,2322173,PL33PR,33.0,13.7,17.7,3
2024-06-25,20:06:23,55908677,2322173,PL33PR,27.0,40.0,35.0,3
2024-06-25,20:06:26,55908607,2322173,PL33PR,56.9,29.7,37.3,3
2024-06-25,20:06:29,55908653,2322173,PL33PR,13.2,11.4,19.3,3
2024-06-25,20:06:30,55908708,2322173,PL33PR,52.8,27.3,15.3,3
2024-06-25,20:06:34,55908671,2322173,PL33PR,39.8,26.4,33.8,3
2024-06-25,20:06:37,55908634,2322173,PL33PR,39.8,26.4,33.8,3
2024-06-25,20:06:38,55908672,2322173,PL33PR,27.0,40.0,35.0,3
2024-06-25,20:06:39,55908673,2322173,PL33PR,27.0,40.0,35.0,3
2024-06-25,20:06:41,55908635,2322173,PL33PR,27.0,40.0,35.0,3
2024-06-25,20:06:45,55908619,2322173,PL33PR,27.0,40.0,35.0,3
2024-06-25,20:06:55,55908674,2322173,PL33PR,27.0,40.0,35.0,3
2024-06-25,20:06:59,55908675,2322173,PL33PR,27.0,40.0,35.0,3
2024-06-25,21:06:00,55912447,2322219,PL33PR,40.4,27.2,33.7,3
2024-06-25,21:06:00,55912471,2322219,PL33PR,40.4,27.2,33.7,3
2024-06-25,21:06:01,55915124,2322219,PL33PR,21.8,19.5,24.5,3
2024-06-25,21:06:01,55915135,2322219,PL33PR,21.8,19.6,24.4,3
2024-06-25,21:06:01,55908651,2322219,PL33PR,21.8,19.5,24.5,3
2024-06-25,21:06:01,55915133,2322219,PL33PR,21.8,19.6,24.4,3
2024-06-25,21:06:01,55908631,2322219,PL33PR,39.5,26.5,34.0,3
2024-06-25,21:06:02,55915137,2322219,PL33PR,21.8,19.6,24.4,3
2024-06-25,21:06:04,55908668,2322219,PL33PR,39.8,26.4,33.8,3
2024-06-25,21:06:04,55908648,2322219,PL33PR,39.8,26.4,33.8,3
2024-06-25,21:06:05,55912470,2322219,PL33PR,40.4,27.2,33.7,3
2024-06-25,21:06:05,55915164,2322173,PL33PR,24.5,16.7,17.1,3
2024-06-25,21:06:06,55915123,2322219,PL33PR,21.8,19.5,24.5,3
2024-06-25,21:06:06,55915122,2322219,PL33PR,21.8,19.5,24.5,3
2024-06-25,21:06:06,55915142,2322219,PL33PR,21.8,19.6,24.4,3
2024-06-25,21:06:06,55915118,2322219,PL33PR,21.8,19.5,24.5,3
2024-06-25,21:06:09,55912484,2322218,PL33PR,22.2,22.0,21.9,3
2024-06-25,21:06:10,55915162,2322173,PL33PR,24.5,16.7,17.1,3
2024-06-25,21:06:10,55915165,2322173,PL33PR,24.5,16.7,17.1,3
2024-06-25,21:06:10,55915159,2322173,PL33PR,24.5,16.7,17.1,3
2024-06-25,21:06:10,55915120,2322219,PL33PR,21.8,19.5,24.5,3
2024-06-25,21:06:10,55915132,2322219,PL33PR,21.8,19.6,24.4,3
2024-06-25,21:06:10,55915163,2322173,PL33PR,24.5,16.7,17.1,3
2024-06-25,21:06:11,55915138,2322219,PL33PR,21.8,19.6,24.4,3
2024-06-25,21:06:12,55915185,2322219,PL33PR,26.5,20.5,17.0,3
2024-06-25,21:06:13,55908649,2322219,PL33PR,27.0,37.0,33.0,3
2024-06-25,21:06:13,55908623,2322219,PL33PR,27.0,37.0,33.0,3
2024-06-25,21:06:14,55915161,2322173,PL33PR,24.5,16.7,17.1,3
2024-06-25,21:06:15,55915126,2322219,PL33PR,21.8,19.5,24.5,3
2024-06-25,21:06:15,55915119,2322219,PL33PR,21.8,19.5,24.5,3
2024-06-25,21:06:15,55915139,2322219,PL33PR,21.8,19.6,24.4,3
2024-06-25,21:06:17,55908707,2322219,PL33PR,39.5,26.5,34.0,3
2024-06-25,21:06:18,55915106,2322219,PL33PR,28.0,9.5,22.5,3
2024-06-25,21:06:18,55915160,2322173,PL33PR,24.5,16.7,17.1,3
2024-06-25,21:06:18,55915156,2322173,PL33PR,24.5,16.7,17.1,3
2024-06-25,21:06:18,55915157,2322173,PL33PR,24.5,16.7,17.1,3
2024-06-25,21:06:18,55915107,2322219,PL33PR,28.0,9.5,22.5,3
2024-06-25,21:06:20,55915212,2322219,PL33PR,34.5,24.6,18.7,3
2024-06-25,21:06:20,55915143,2322219,PL33PR,21.8,19.6,24.4,3
2024-06-25,21:06:21,55915111,2322219,PL33PR,35.0,29.0,19.0,3
2024-06-25,21:06:21,55915114,2322219,PL33PR,35.0,29.0,19.0,3
2024-06-25,21:06:22,55915108,2322219,PL33PR,28.0,9.5,22.5,3
2024-06-25,21:06:22,55908680,2322173,PL33PR,16.3,14.5,17.9,3
2024-06-25,21:06:22,55915129,2322219,PL33PR,36.2,24.2,16.5,3
2024-06-25,21:06:22,55915128,2322219,PL33PR,36.2,24.2,16.5,3
2024-06-25,21:06:22,55915101,2322219,PL33PR,36.9,32.0,17.1,3
2024-06-25,21:06:23,55915105,2322219,PL33PR,28.0,9.5,22.5,3
2024-06-25,21:06:23,55915183,2322218,PL33PR,26.5,20.5,17.0,3
2024-06-25,21:06:23,55915110,2322219,PL33PR,28.0,9.5,22.5,3
2024-06-25,21:06:24,55908718,2322218,PL33PR,39.5,26.5,34.0,3
2024-06-25,21:06:24,55915140,2322219,PL33PR,21.8,19.6,24.4,3
2024-06-25,21:06:26,55908717,2322219,PL33PR,39.5,26.5,34.0,3
2024-06-25,21:06:27,55915109,2322219,PL33PR,28.0,9.5,22.5,3
2024-06-25,21:06:27,55915131,2322219,PL33PR,36.2,24.2,16.5,3
2024-06-25,21:06:27,55915100,2322219,PL33PR,36.9,32.0,17.1,3
2024-06-25,21:06:28,55912485,2322218,PL33PR,22.2,22.0,21.9,3
2024-06-25,21:06:28,55915197,2322218,PL33PR,38.5,20.1,18.6,3
2024-06-25,21:06:28,55915198,2322218,PL33PR,38.5,20.1,18.6,3
2024-06-25,21:06:30,55908679,2322219,PL33PR,27.0,40.0,35.0,3
2024-06-25,21:06:30,55908678,2322219,PL33PR,39.8,26.4,33.8,3
2024-06-25,21:06:32,55915134,2322219,PL33PR,21.8,19.6,24.4,3
2024-06-25,21:06:32,55908641,2322218,PL33PR,39.5,26.5,34.0,3
2024-06-25,21:06:32,55915199,2322218,PL33PR,38.5,20.1,18.6,3
2024-06-25,21:06:34,55915158,2322173,PL33PR,24.5,16.7,17.1,3
2024-06-25,21:06:35,55912446,2322219,PL33PR,40.4,27.2,33.7,3
2024-06-25,21:06:35,55912469,2322219,PL33PR,40.4,27.2,33.7,3
2024-06-25,21:06:36,55912483,2322218,PL33PR,22.2,22.0,21.9,3
2024-06-25,21:06:36,55912056,2322218,PL33PR,14.5,12.5,23.0,3
2024-06-25,21:06:36,55915127,2322219,PL33PR,21.8,19.5,24.5,3
2024-06-25,21:06:37,55915121,2322219,PL33PR,21.8,19.5,24.5,3
2024-06-25,21:06:37,55915145,2322219,PL33PR,21.8,19.6,24.4,3
2024-06-25,21:06:38,55915115,2322219,PL33PR,35.0,29.0,19.0,3
2024-06-25,21:06:38,55915112,2322219,PL33PR,35.0,29.0,19.0,3
2024-06-25,21:06:39,55908666,2322219,PL33PR,39.5,26.5,34.0,3
2024-06-25,21:06:40,55908714,2322219,PL33PR,33.0,13.7,17.7,3
2024-06-25,21:06:41,55915146,2322219,PL33PR,21.8,19.6,24.4,3
2024-06-25,21:06:41,55915125,2322219,PL33PR,21.8,19.5,24.5,3
2024-06-25,21:06:42,55915113,2322219,PL33PR,35.0,29.0,19.0,3
2024-06-25,21:06:42,55915116,2322219,PL33PR,35.0,29.0,19.0,3
2024-06-25,21:06:43,55908645,2322219,PL33PR,39.5,26.5,34.0,3
2024-06-25,21:06:43,55908719,2322219,PL33PR,39.5,26.5,34.0,3
2024-06-25,21:06:43,55908644,2322219,PL33PR,39.5,26.5,34.0,3
2024-06-25,21:06:44,55908598,2322219,PL33PR,56.7,29.2,37.3,3
2024-06-25,21:06:45,55915144,2322219,PL33PR,21.8,19.6,24.4,3
2024-06-25,21:06:48,55908621,2322219,PL33PR,40.4,26.8,33.6,3
2024-06-25,21:06:48,55908600,2322219,PL33PR,27.0,37.0,33.0,3
2024-06-25,21:06:49,55908622,2322219,PL33PR,41.8,31.5,25.9,3
2024-06-25,21:06:56,55915130,2322219,PL33PR,36.2,24.2,16.5,3
2024-06-25,21:06:56,55915103,2322219,PL33PR,36.9,32.0,17.1,3
2024-06-25,21:06:56,55915102,2322219,PL33PR,36.9,32.0,17.1,3
2024-06-25,21:06:57,55908632,2322219,PL33PR,39.5,26.5,34.0,3
2024-06-25,21:06:57,55915136,2322219,PL33PR,21.8,19.6,24.4,3
2024-06-25,21:06:57,55915141,2322219,PL33PR,21.8,19.6,24.4,3
2024-06-25,21:06:58,55908646,2322219,PL33PR,39.5,26.5,34.0,3
2024-06-25,21:06:58,55908613,2322219,PL33PR,39.5,26.5,34.0,3
2024-06-25,21:06:58,55908643,2322219,PL33PR,39.5,26.5,34.0,3
2024-06-25,21:06:58,55908642,2322219,PL33PR,39.5,26.5,34.0,3
2024-06-25,21:06:58,55908720,2322219,PL33PR,39.5,26.5,34.0,3
2024-06-25,21:06:58,55908716,2322219,PL33PR,39.5,26.5,34.0,3
2024-06-25,21:06:58,55908715,2322219,PL33PR,39.5,26.5,34.0,3
2024-06-25,21:06:58,55915104,2322219,PL33PR,28.0,9.5,22.5,3
2024-06-25,21:06:59,55915184,2322219,PL33PR,26.5,20.5,17.0,3
2024-06-25,22:06:02,55908694,2322218,PL33PR,17.7,16.0,14.7,3
2024-06-25,22:06:05,55908630,2322218,PL33PR,39.5,26.5,34.0,3
2024-06-25,22:06:20,55915154,2322218,PL33PR,38.9,27.7,27.9,3
2024-06-25,22:06:20,55915155,2322218,PL33PR,38.9,27.7,27.9,3
2024-06-25,22:06:20,55915153,2322218,PL33PR,38.9,27.7,27.9,3
2024-06-25,22:06:33,55915223,2322218,PL33PR,42.8,29.7,14.7,3
2024-06-25,22:06:33,55912941,2322218,PL33PR,33.3,21.1,16.4,3
2024-06-25,22:06:37,55912057,2322218,PL33PR,14.5,12.5,23.0,3
2024-06-25,22:06:37,55912486,2322218,PL33PR,22.2,22.0,21.9,3
2024-06-25,22:06:37,55912482,2322218,PL33PR,22.2,22.0,21.9,3
2024-06-25,22:06:41,55915151,2322218,PL33PR,38.9,29.0,27.4,3
2024-06-25,22:06:41,55915152,2322218,PL33PR,38.9,29.0,27.4,3
2024-06-25,22:06:46,55915147,2322218,PL33PR,33.6,33.6,24.6,3
2024-06-25,22:06:46,55908620,2322218,PL33PR,37.9,23.5,18.9,3
2024-06-25,22:06:46,55915148,2322218,PL33PR,33.6,33.6,24.6,3
